team, Date, OPPONENT, PassYdLine, PASS_YD, RecYdLine, REC_YD, RecYdLine, REC_YD, result, OverUnder, Spread, ReceptionsPG, PlaysPG, TargetsPG, ExpectedPointsPG, PointsPG, NetYdsPerPassAtt, RushYdsPG, RushYdsPerAtt, RushFirstDownsPG, RecTDPG, YardsPerPlay, TurnoversPG, FumblesPG, FirstDownsPG, PassCompsPG, PassAttPG, PassTDPG, PassIntPG, PassFirstDownsPG, PenaltiesPG, PenaltyFirstDownsPG, ScoresPerOffDrivePG, YardsPG, FeelsLike, WindSpeed, passYPG, recYPG1, recYPG2, medianPassYPG, medianRecYPG1, medianRecYPG2
Jimmy Garoppolo Deebo Samuel Brandon Aiyuk, 09/25, den, 236.5, 211, 56.5, 73, 50.5, 39, 0, 44, -1.5, 11.70, 63.50, 18.80, 0.43, 21.10, 5.60, 109.80, 4.30, 6.41, 0.53, 5.00, 1.35, 0.47, 19.10, 23.10, 35.60, 1.18, 0.88, 10.60, 6.24, 2.06, 35.90, 320.00, 66.30, 8.30, 254.00, 87.80, 48.60, 254.00, 87.80, 48.60
Jimmy Garoppolo Deebo Samuel Brandon Aiyuk, 10/03, lar, 224.5, 239, 56.5, 115, 52.5, 37, 0, 42, -2.0, 13.60, 61.70, 19.50, -4.45, 22.60, 6.50, 115.10, 4.30, 6.24, 0.76, 5.50, 1.29, 0.35, 19.50, 22.10, 32.70, 1.35, 0.94, 11.90, 4.82, 1.29, 41.00, 341.10, 69.10, 14.90, 254.00, 87.80, 48.60, 211.00, 73.00, 39.00
Jimmy Garoppolo Deebo Samuel Brandon Aiyuk, 10/09, car, 220.5, 253, 55.5, 20, 45.5, 58, 0, 40, -6.5, 14.40, 64.90, 21.20, -3.06, 22.00, 6.30, 122.60, 4.30, 7.35, 0.88, 5.40, 1.00, 0.41, 20.40, 22.50, 34.10, 1.47, 0.59, 11.40, 6.18, 1.59, 34.20, 350.20, 66.70, 4.70, 254.00, 87.80, 48.60, 239.00, 115.00, 39.00
Jimmy Garoppolo Deebo Samuel Brandon Aiyuk, 10/16, atl, 229.5, 296, 60.5, 79, 47.5, 83, 2, 46, -3.5, 12.50, 63.60, 19.30, -7.26, 22.70, 6.80, 130.20, 4.40, 8.00, 0.94, 5.70, 1.00, 0.41, 20.60, 21.90, 33.00, 1.53, 0.59, 11.80, 5.88, 0.88, 43.50, 362.10, 70.00, 0.00, 254.00, 87.80, 48.60, 239.00, 73.00, 39.00
Jimmy Garoppolo Deebo Samuel Brandon Aiyuk, 10/23, kan, 251.5, 303, 61.5, 42, 55.5, 82, 0, 49, 1.0, 13.10, 64.30, 20.20, -3.86, 21.70, 5.60, 107.20, 4.40, 6.00, 1.18, 5.10, 1.18, 0.53, 19.80, 24.00, 36.40, 1.94, 0.65, 12.20, 5.76, 1.65, 35.90, 328.20, 68.00, 10.00, 254.00, 87.80, 48.60, 253.00, 79.00, 58.00
Jimmy Garoppolo Deebo Samuel Brandon Aiyuk, 11/13, lac, 243.5, 240, 50.5, 24, 54.5, 84, 0, 46, -8.0, 10.70, 58.90, 17.40, -4.97, 22.60, 6.20, 145.80, 5.40, 7.00, 0.82, 5.90, 1.41, 0.59, 18.70, 18.20, 29.70, 1.41, 0.82, 10.30, 4.71, 1.41, 37.20, 346.10, 58.90, 6.40, 254.00, 87.80, 48.60, 253.00, 73.00, 58.00
Jimmy Garoppolo Deebo Samuel Brandon Aiyuk, 11/21, ari, 251.5, 228, 52.5, 57, 54.5, 20, 0, 43, -9.5, 12.40, 63.20, 19.20, -4.81, 26.40, 6.20, 118.60, 4.50, 7.29, 0.65, 5.50, 1.18, 0.53, 21.40, 24.40, 34.90, 1.71, 0.65, 12.80, 5.53, 1.24, 41.60, 348.90, 70.00, 0.00, 254.00, 87.80, 48.60, 253.00, 73.00, 82.00
Jimmy Garoppolo Deebo Samuel Brandon Aiyuk, 11/27, nor, 244.5, 222, 49.5, 43, 53.5, 65, 0, 44, -8.5, 11.40, 63.30, 18.10, -1.80, 20.30, 5.40, 130.50, 4.50, 7.18, 0.71, 5.00, 0.82, 0.41, 18.80, 18.90, 31.50, 1.00, 0.41, 9.35, 5.41, 2.24, 34.80, 314.80, 66.00, 3.50, 254.00, 87.80, 48.60, 240.00, 57.00, 58.00
Jimmy Garoppolo Deebo Samuel Brandon Aiyuk, 12/04, mia, 248.5, 56, 40.5, 58, 57.5, 46, 0, 46, -5.0, 13.20, 63.90, 21.10, -3.91, 23.50, 6.00, 103.00, 4.10, 5.76, 0.65, 5.30, 0.82, 0.35, 19.80, 24.50, 36.70, 1.59, 0.47, 11.80, 4.94, 2.24, 37.50, 337.80, 57.60, 6.60, 254.00, 87.80, 48.60, 240.00, 57.00, 65.00
Mitchell Trubisky Diontae Johnson George Pickens, 09/11, cin, 226.5, 194, 50.5, 55, 43.5, 3, 0, 44, 7.0, 10.60, 62.30, 17.90, -1.25, 20.10, 6.20, 106.60, 4.20, 6.38, 0.69, 5.40, 1.50, 0.69, 18.40, 20.60, 34.90, 1.06, 0.81, 10.80, 6.25, 1.25, 36.40, 335.70, 73.80, 5.10, 7.20, 72.60, 0.00, 7.20, 72.60, 0.00
Mitchell Trubisky Diontae Johnson George Pickens, 09/18, nwe, 213.5, 168, 55.5, 57, 27.5, 23, 0, 40, 3.0, 12.20, 64.20, 19.80, 3.26, 20.40, 5.70, 105.50, 4.10, 5.29, 0.88, 5.00, 1.76, 0.65, 18.50, 21.40, 35.10, 1.65, 1.12, 11.40, 5.24, 1.76, 30.50, 322.00, 78.70, 13.10, 7.20, 72.60, 0.00, 194.00, 55.00, 3.00
Mitchell Trubisky Diontae Johnson George Pickens, 09/22, cle, 190.5, 207, 53.5, 84, 25.5, 39, 2, 38, 4.5, 9.94, 61.20, 16.70, -3.41, 22.40, 6.00, 135.00, 4.70, 7.59, 0.88, 5.40, 1.18, 0.53, 19.40, 18.50, 30.50, 1.18, 0.65, 9.76, 5.18, 2.00, 38.50, 331.20, 61.00, 22.90, 7.20, 72.60, 0.00, 194.00, 57.00, 23.00
Mitchell Trubisky Diontae Johnson George Pickens, 10/02, nyj, 212.5, 84, 65.5, 11, 27.5, 102, 0, 41, -3.0, 9.88, 64.30, 16.60, 1.53, 18.60, 5.40, 121.60, 4.20, 6.88, 0.59, 4.80, 0.94, 0.24, 18.20, 20.40, 32.70, 0.88, 0.71, 9.76, 5.29, 1.59, 32.30, 311.10, 56.30, 6.80, 7.20, 72.60, 0.00, 194.00, 57.00, 23.00
Mitchell Trubisky Diontae Johnson George Pickens, 12/18, car, 196.5, 179, 43.5, 98, 40.5, 53, 0, 37, 2.5, 14.40, 64.90, 21.20, -3.06, 22.00, 6.30, 122.60, 4.30, 7.35, 0.88, 5.40, 1.00, 0.41, 20.40, 22.50, 34.10, 1.47, 0.59, 11.40, 6.18, 1.59, 34.20, 350.20, 40.60, 11.50, 7.20, 72.60, 0.00, 194.00, 57.00, 39.00
Tom Brady Mike Evans Chris Godwin, 09/11, dal, 274.5, 212, 66.5, 71, 38.5, 35, 0, 50, -2.5, 12.00, 64.80, 19.10, 1.87, 20.10, 5.70, 129.30, 4.40, 7.00, 1.29, 5.10, 1.94, 1.00, 19.20, 20.30, 32.40, 1.35, 0.94, 10.20, 5.76, 2.00, 33.50, 330.20, 70.00, 0.00, 312.70, 64.70, 78.80, 312.70, 64.70, 78.80
Tom Brady Mike Evans Chris Godwin, 10/02, kan, 263.5, 385, 68.5, 103, 39.5, 59, 2, 47, -2.0, 13.10, 64.30, 20.20, -3.86, 21.70, 5.60, 107.20, 4.40, 6.00, 1.18, 5.10, 1.18, 0.53, 19.80, 24.00, 36.40, 1.94, 0.65, 12.20, 5.76, 1.65, 35.90, 328.20, 72.90, 5.60, 312.70, 64.70, 78.80, 212.00, 71.00, 35.00
Tom Brady Mike Evans Chris Godwin, 10/09, atl, 286.5, 351, 62.5, 81, 62.5, 61, 0, 46, -10.0, 12.50, 63.60, 19.30, -7.26, 22.70, 6.80, 130.20, 4.40, 8.00, 0.94, 5.70, 1.00, 0.41, 20.60, 21.90, 33.00, 1.53, 0.59, 11.80, 5.88, 0.88, 43.50, 362.10, 86.30, 8.10, 312.70, 64.70, 78.80, 385.00, 103.00, 59.00
Tom Brady Mike Evans Chris Godwin, 10/16, pit, 288.5, 243, 68.5, 42, 60.5, 95, 0, 46, -9.5, 10.70, 60.20, 18.50, -2.77, 20.40, 6.50, 108.10, 4.20, 5.59, 1.00, 5.50, 1.35, 0.18, 18.50, 19.50, 31.90, 1.71, 1.18, 11.50, 5.65, 1.35, 37.30, 330.40, 60.30, 8.70, 312.70, 64.70, 78.80, 351.00, 81.00, 59.00
Tom Brady Mike Evans Chris Godwin, 10/23, car, 265.5, 290, 64.5, 96, 64.5, 43, 0, 38, -13.0, 14.40, 64.90, 21.20, -3.06, 22.00, 6.30, 122.60, 4.30, 7.35, 0.88, 5.40, 1.00, 0.41, 20.40, 22.50, 34.10, 1.47, 0.59, 11.40, 6.18, 1.59, 34.20, 350.20, 70.90, 7.60, 312.70, 64.70, 78.80, 351.00, 81.00, 61.00
Tom Brady Mike Evans Chris Godwin, 10/27, bal, 285.5, 325, 66.5, 123, 73.5, 75, 2, 46, -2.0, 13.50, 61.60, 20.80, -1.90, 18.50, 6.20, 92.10, 3.90, 5.35, 0.71, 5.30, 1.47, 0.65, 19.00, 23.20, 34.90, 1.18, 0.82, 12.10, 4.65, 1.53, 35.80, 324.30, 76.70, 3.20, 312.70, 64.70, 78.80, 290.00, 81.00, 59.00
Tom Brady Mike Evans Chris Godwin, 11/06, lar, 271.5, 280, 63.5, 40, 65.5, 36, 0, 43, -3.0, 13.60, 61.70, 19.50, -4.45, 22.60, 6.50, 115.10, 4.30, 6.24, 0.76, 5.50, 1.29, 0.35, 19.50, 22.10, 32.70, 1.35, 0.94, 11.90, 4.82, 1.29, 41.00, 341.10, 92.90, 8.10, 312.70, 64.70, 78.80, 325.00, 96.00, 61.00
Tom Brady Mike Evans Chris Godwin, 11/13, sea, 286.5, 258, 62.5, 54, 63.5, 71, 0, 45, -2.5, 10.10, 65.70, 17.00, -6.66, 23.60, 6.10, 150.20, 4.90, 7.65, 0.65, 5.50, 1.47, 0.65, 20.40, 20.20, 32.20, 1.35, 0.82, 11.10, 5.76, 1.71, 37.20, 361.70, 50.20, 4.90, 312.70, 64.70, 78.80, 290.00, 81.00, 59.00
Tom Brady Mike Evans Chris Godwin, 11/27, cle, 261.5, 246, 60.5, 31, 58.5, 110, 0, 42, -3.0, 9.94, 61.20, 16.70, -3.41, 22.40, 6.00, 135.00, 4.70, 7.59, 0.88, 5.40, 1.18, 0.53, 19.40, 18.50, 30.50, 1.18, 0.65, 9.76, 5.18, 2.00, 38.50, 331.20, 56.00, 17.10, 312.70, 64.70, 78.80, 290.00, 81.00, 61.00
Tom Brady Mike Evans Chris Godwin, 12/05, nor, 268.5, 281, 61.5, 59, 72.5, 63, 0, 40, -3.5, 11.40, 63.30, 18.10, -1.80, 20.30, 5.40, 130.50, 4.50, 7.18, 0.71, 5.00, 0.82, 0.41, 18.80, 18.90, 31.50, 1.00, 0.41, 9.35, 5.41, 2.24, 34.80, 314.80, 70.90, 3.20, 312.70, 64.70, 78.80, 280.00, 71.00, 61.00
Tom Brady Mike Evans Chris Godwin, 12/11, sfo, 250.5, 253, 50.5, 44, 57.5, 54, 0, 38, 3.5, 13.00, 60.40, 19.70, 3.31, 16.30, 5.90, 77.70, 3.40, 4.53, 0.94, 5.00, 1.76, 0.59, 17.10, 22.90, 34.90, 1.18, 1.18, 11.10, 5.65, 1.53, 25.70, 300.60, 53.30, 8.80, 312.70, 64.70, 78.80, 281.00, 71.00, 63.00
Tom Brady Mike Evans Chris Godwin, 12/18, cin, 272.5, 312, 56.5, 83, 70.5, 83, 2, 48, 3.5, 10.60, 62.30, 17.90, -1.25, 20.10, 6.20, 106.60, 4.20, 6.38, 0.69, 5.40, 1.50, 0.69, 18.40, 20.60, 34.90, 1.06, 0.81, 10.80, 6.25, 1.25, 36.40, 335.70, 67.90, 10.10, 312.70, 64.70, 78.80, 280.00, 59.00, 61.00
Tom Brady Mike Evans Chris Godwin, 12/25, ari, 275.5, 281, 60.5, 29, 67.5, 63, 0, 42, -7.5, 12.40, 63.20, 19.20, -4.81, 26.40, 6.20, 118.60, 4.50, 7.29, 0.65, 5.50, 1.18, 0.53, 21.40, 24.40, 34.90, 1.71, 0.65, 12.80, 5.53, 1.24, 41.60, 348.90, 70.00, 0.00, 312.70, 64.70, 78.80, 281.00, 71.00, 63.00
Tom Brady Mike Evans Chris Godwin, 01/01, car, 281.5, 432, 60.5, 207, 67.5, 120, 2, 41, -3.5, 14.40, 64.90, 21.20, -3.06, 22.00, 6.30, 122.60, 4.30, 7.35, 0.88, 5.40, 1.00, 0.41, 20.40, 22.50, 34.10, 1.47, 0.59, 11.40, 6.18, 1.59, 34.20, 350.20, 71.90, 5.30, 312.70, 64.70, 78.80, 281.00, 59.00, 63.00
Justin Herbert Mike Williams Josh Palmer, 09/11, lvr, 285.5, 279, 56.5, 10, 29.5, 5, 1, 52, -3.5, 12.20, 63.40, 18.50, -7.77, 24.60, 6.70, 122.80, 4.50, 7.41, 0.76, 5.80, 0.76, 0.41, 21.20, 23.50, 34.70, 1.47, 0.35, 12.10, 5.47, 1.65, 40.80, 365.60, 70.00, 0.00, 294.90, 71.60, 20.80, 294.90, 71.60, 20.80
Justin Herbert Mike Williams Josh Palmer, 09/15, kan, 283.5, 334, 66.5, 113, 45.5, 30, 0, 52, 4.0, 13.10, 64.30, 20.20, -3.86, 21.70, 5.60, 107.20, 4.40, 6.00, 1.18, 5.10, 1.18, 0.53, 19.80, 24.00, 36.40, 1.94, 0.65, 12.20, 5.76, 1.65, 35.90, 328.20, 77.30, 5.80, 294.90, 71.60, 20.80, 279.00, 10.00, 5.00
Justin Herbert Mike Williams Josh Palmer, 09/25, jax, 241.5, 297, 69.5, 15, 44.5, 99, 0, 46, -6.5, 11.60, 65.10, 19.10, -3.07, 20.60, 6.40, 114.80, 4.20, 6.71, 1.06, 5.40, 1.59, 0.76, 20.60, 22.60, 35.40, 1.47, 0.82, 12.40, 5.29, 1.47, 36.10, 353.30, 70.00, 0.00, 294.90, 71.60, 20.80, 334.00, 113.00, 30.00
Justin Herbert Mike Williams Josh Palmer, 10/02, hou, 270.5, 340, 58.5, 120, 49.5, 25, 0, 46, -5.5, 10.30, 66.70, 16.00, -4.73, 24.70, 6.30, 170.20, 5.10, 8.82, 0.35, 5.70, 1.59, 0.65, 21.90, 19.80, 30.70, 0.88, 0.94, 11.50, 5.59, 1.53, 35.20, 379.50, 70.00, 0.00, 294.90, 71.60, 20.80, 297.00, 15.00, 30.00
Justin Herbert Mike Williams Josh Palmer, 10/09, cle, 273.5, 228, 67.5, 134, 35.5, 24, 0, 47, -1.5, 9.94, 61.20, 16.70, -3.41, 22.40, 6.00, 135.00, 4.70, 7.59, 0.88, 5.40, 1.18, 0.53, 19.40, 18.50, 30.50, 1.18, 0.65, 9.76, 5.18, 2.00, 38.50, 331.20, 60.20, 15.00, 294.90, 71.60, 20.80, 334.00, 113.00, 30.00
Justin Herbert Mike Williams Josh Palmer, 10/17, den, 266.5, 238, 68.5, 17, 39.5, 57, 0, 46, -3.5, 11.70, 63.50, 18.80, 0.43, 21.10, 5.60, 109.80, 4.30, 6.41, 0.53, 5.00, 1.35, 0.47, 19.10, 23.10, 35.60, 1.18, 0.88, 10.60, 6.24, 2.06, 35.90, 320.00, 70.00, 0.00, 294.90, 71.60, 20.80, 297.00, 113.00, 25.00
Justin Herbert Mike Williams Josh Palmer, 11/20, kan, 279.5, 280, 60.5, 15, 36.5, 106, 0, 52, 5.0, 13.10, 64.30, 20.20, -3.86, 21.70, 5.60, 107.20, 4.40, 6.00, 1.18, 5.10, 1.18, 0.53, 19.80, 24.00, 36.40, 1.94, 0.65, 12.20, 5.76, 1.65, 35.90, 328.20, 70.00, 0.00, 294.90, 71.60, 20.80, 297.00, 113.00, 30.00
Justin Herbert Mike Williams Josh Palmer, 12/11, mia, 298.5, 367, 47.5, 116, 47.5, 53, 2, 55, 3.0, 13.20, 63.90, 21.10, -3.91, 23.50, 6.00, 103.00, 4.10, 5.76, 0.65, 5.30, 0.82, 0.35, 19.80, 24.50, 36.70, 1.59, 0.47, 11.80, 4.94, 2.24, 37.50, 337.80, 70.00, 0.00, 294.90, 71.60, 20.80, 280.00, 17.00, 30.00
Justin Herbert Mike Williams Josh Palmer, 12/18, ten, 307.5, 313, 69.5, 67, 43.5, 49, 0, 46, -3.0, 14.50, 64.70, 22.10, -3.07, 21.10, 6.60, 76.90, 3.40, 5.47, 1.18, 5.40, 1.18, 0.35, 19.90, 25.80, 39.50, 1.71, 0.82, 12.60, 6.76, 1.82, 33.90, 351.60, 70.00, 0.00, 294.90, 71.60, 20.80, 297.00, 113.00, 53.00
Justin Herbert Mike Williams Josh Palmer, 12/26, ind, 282.5, 235, 58.5, 76, 36.5, 16, 0, 44, -3.5, 11.60, 64.20, 17.60, -3.00, 25.10, 6.10, 124.10, 4.10, 7.47, 0.88, 5.20, 1.24, 0.65, 20.20, 21.50, 31.60, 1.47, 0.59, 10.80, 5.24, 1.94, 36.00, 334.00, 70.00, 0.00, 294.90, 71.60, 20.80, 297.00, 67.00, 49.00
Kenny Pickett Diontae Johnson George Pickens, 10/09, buf, 18.5, 327, 51.5, 60, 41.5, 83, 2, 44, 14.0, 12.60, 62.30, 20.30, 0.28, 17.90, 5.60, 104.60, 4.30, 6.44, 1.13, 5.10, 1.69, 0.63, 19.60, 22.60, 35.60, 1.31, 1.06, 11.30, 5.56, 1.81, 31.00, 319.10, 59.90, 18.70, 0.00, 72.60, 0.00, 0.00, 72.60, 0.00
Kenny Pickett Diontae Johnson George Pickens, 10/16, tam, 237.5, 67, 60.5, 28, 47.5, 27, 1, 46, 9.5, 12.60, 63.10, 20.20, -2.15, 21.10, 5.60, 120.70, 4.50, 6.06, 0.94, 5.10, 1.18, 0.59, 18.50, 21.40, 33.50, 1.71, 0.59, 10.90, 5.71, 1.47, 33.00, 324.30, 60.30, 8.70, 0.00, 72.60, 0.00, 327.00, 60.00, 83.00
Kenny Pickett Diontae Johnson George Pickens, 10/23, mia, 224.5, 257, 55.5, 42, 42.5, 61, 0, 46, 7.0, 13.20, 63.90, 21.10, -3.91, 23.50, 6.00, 103.00, 4.10, 5.76, 0.65, 5.30, 0.82, 0.35, 19.80, 24.50, 36.70, 1.59, 0.47, 11.80, 4.94, 2.24, 37.50, 337.80, 75.80, 9.20, 0.00, 72.60, 0.00, 327.00, 60.00, 83.00
Kenny Pickett Diontae Johnson George Pickens, 10/30, phi, 215.5, 191, 50.5, 35, 40.5, 0, 1, 43, 11.0, 10.80, 63.10, 18.00, 1.22, 20.20, 4.90, 121.60, 4.60, 6.76, 0.94, 4.80, 1.59, 0.59, 19.10, 20.60, 32.70, 1.29, 1.00, 10.90, 5.59, 1.41, 32.40, 301.50, 62.00, 0.20, 0.00, 72.60, 0.00, 257.00, 42.00, 61.00
Kenny Pickett Diontae Johnson George Pickens, 11/13, nor, 215.5, 199, 52.5, 63, 42.5, 32, 0, 40, -1.0, 11.40, 63.30, 18.10, -1.80, 20.30, 5.40, 130.50, 4.50, 7.18, 0.71, 5.00, 0.82, 0.41, 18.80, 18.90, 31.50, 1.00, 0.41, 9.35, 5.41, 2.24, 34.80, 314.80, 29.50, 11.20, 0.00, 72.60, 0.00, 257.00, 42.00, 61.00
Kenny Pickett Diontae Johnson George Pickens, 11/20, cin, 214.5, 265, 50.5, 21, 40.5, 83, 0, 40, 3.5, 10.60, 62.30, 17.90, -1.25, 20.10, 6.20, 106.60, 4.20, 6.38, 0.69, 5.40, 1.50, 0.69, 18.40, 20.60, 34.90, 1.06, 0.81, 10.80, 6.25, 1.25, 36.40, 335.70, 17.90, 12.10, 0.00, 72.60, 0.00, 199.00, 42.00, 32.00
Kenny Pickett Diontae Johnson George Pickens, 11/28, ind, 222.5, 174, 46.5, 49, 42.5, 57, 0, 40, 2.5, 11.60, 64.20, 17.60, -3.00, 25.10, 6.10, 124.10, 4.10, 7.47, 0.88, 5.20, 1.24, 0.65, 20.20, 21.50, 31.60, 1.47, 0.59, 10.80, 5.24, 1.94, 36.00, 334.00, 70.00, 0.00, 0.00, 72.60, 0.00, 257.00, 42.00, 61.00
Kenny Pickett Diontae Johnson George Pickens, 12/04, atl, 222.5, 197, 55.5, 60, 45.5, 2, 0, 42, -1.0, 12.50, 63.60, 19.30, -7.26, 22.70, 6.80, 130.20, 4.40, 8.00, 0.94, 5.70, 1.00, 0.41, 20.60, 21.90, 33.00, 1.53, 0.59, 11.80, 5.88, 0.88, 43.50, 362.10, 70.00, 0.00, 0.00, 72.60, 0.00, 199.00, 42.00, 57.00
Kenny Pickett Diontae Johnson George Pickens, 12/11, bal, 214.5, 0, 47.5, 82, 42.5, 78, 0, 36, -2.0, 13.50, 61.60, 20.80, -1.90, 18.50, 6.20, 92.10, 3.90, 5.35, 0.71, 5.30, 1.47, 0.65, 19.00, 23.20, 34.90, 1.18, 0.82, 12.10, 4.65, 1.53, 35.80, 324.30, 39.30, 6.30, 0.00, 72.60, 0.00, 199.00, 49.00, 57.00
Kenny Pickett Diontae Johnson George Pickens, 12/24, lvr, 180.5, 244, 46.5, 64, 35.5, 57, 2, 38, -2.5, 12.20, 63.40, 18.50, -7.77, 24.60, 6.70, 122.80, 4.50, 7.41, 0.76, 5.80, 0.76, 0.41, 21.20, 23.50, 34.70, 1.47, 0.35, 12.10, 5.47, 1.65, 40.80, 365.60, -8.20, 16.30, 0.00, 72.60, 0.00, 197.00, 49.00, 57.00
Kenny Pickett Diontae Johnson George Pickens, 01/01, bal, 195.5, 168, 48.5, 35, 37.5, 29, 1, 36, 1.0, 13.50, 61.60, 20.80, -1.90, 18.50, 6.20, 92.10, 3.90, 5.35, 0.71, 5.30, 1.47, 0.65, 19.00, 23.20, 34.90, 1.18, 0.82, 12.10, 4.65, 1.53, 35.80, 324.30, 46.00, 0.00, 0.00, 72.60, 0.00, 199.00, 60.00, 57.00
Kenny Pickett Diontae Johnson George Pickens, 01/08, cle, 195.5, 195, 53.5, 38, 37.5, 72, 0, 40, -2.5, 9.94, 61.20, 16.70, -3.41, 22.40, 6.00, 135.00, 4.70, 7.59, 0.88, 5.40, 1.18, 0.53, 19.40, 18.50, 30.50, 1.18, 0.65, 9.76, 5.18, 2.00, 38.50, 331.20, 29.90, 5.90, 0.00, 72.60, 0.00, 197.00, 49.00, 57.00
Joe Burrow Ja'Marr Chase Tee Higgins, 09/11, pit, 259.5, 338, 70.5, 129, 69.5, 27, 0, 44, -7.0, 10.70, 60.20, 18.50, -2.77, 20.40, 6.50, 108.10, 4.20, 5.59, 1.00, 5.50, 1.35, 0.18, 18.50, 19.50, 31.90, 1.71, 1.18, 11.50, 5.65, 1.35, 37.30, 330.40, 73.80, 5.10, 288.20, 85.60, 77.90, 288.20, 85.60, 77.90
Joe Burrow Ja'Marr Chase Tee Higgins, 09/18, dal, 264.5, 199, 76.5, 54, 58.5, 71, 0, 42, -7.0, 12.00, 64.80, 19.10, 1.87, 20.10, 5.70, 129.30, 4.40, 7.00, 1.29, 5.10, 1.94, 1.00, 19.20, 20.30, 32.40, 1.35, 0.94, 10.20, 5.76, 2.00, 33.50, 330.20, 70.00, 0.00, 288.20, 85.60, 77.90, 338.00, 129.00, 27.00
Joe Burrow Ja'Marr Chase Tee Higgins, 09/25, nyj, 264.5, 275, 76.5, 29, 65.5, 93, 0, 46, -6.5, 9.88, 64.30, 16.60, 1.53, 18.60, 5.40, 121.60, 4.20, 6.88, 0.59, 4.80, 0.94, 0.24, 18.20, 20.40, 32.70, 0.88, 0.71, 9.76, 5.29, 1.59, 32.30, 311.10, 59.10, 8.10, 288.20, 85.60, 77.90, 338.00, 129.00, 71.00
Joe Burrow Ja'Marr Chase Tee Higgins, 09/29, mia, 272.5, 287, 71.5, 81, 64.5, 124, 2, 49, -4.0, 13.20, 63.90, 21.10, -3.91, 23.50, 6.00, 103.00, 4.10, 5.76, 0.65, 5.30, 0.82, 0.35, 19.80, 24.50, 36.70, 1.59, 0.47, 11.80, 4.94, 2.24, 37.50, 337.80, 53.60, 2.20, 288.20, 85.60, 77.90, 275.00, 54.00, 71.00
Joe Burrow Ja'Marr Chase Tee Higgins, 10/09, bal, 272.5, 217, 69.5, 50, 67.5, 0, 1, 48, 3.0, 13.50, 61.60, 20.80, -1.90, 18.50, 6.20, 92.10, 3.90, 5.35, 0.71, 5.30, 1.47, 0.65, 19.00, 23.20, 34.90, 1.18, 0.82, 12.10, 4.65, 1.53, 35.80, 324.30, 50.10, 0.00, 288.20, 85.60, 77.90, 287.00, 81.00, 93.00
Joe Burrow Ja'Marr Chase Tee Higgins, 10/16, nor, 250.5, 300, 83.5, 132, 46.5, 47, 2, 43, -3.0, 11.40, 63.30, 18.10, -1.80, 20.30, 5.40, 130.50, 4.50, 7.18, 0.71, 5.00, 0.82, 0.41, 18.80, 18.90, 31.50, 1.00, 0.41, 9.35, 5.41, 2.24, 34.80, 314.80, 70.00, 0.00, 288.20, 85.60, 77.90, 275.00, 54.00, 71.00
Joe Burrow Ja'Marr Chase Tee Higgins, 10/23, atl, 285.5, 481, 83.5, 130, 73.5, 93, 2, 48, -6.5, 12.50, 63.60, 19.30, -7.26, 22.70, 6.80, 130.20, 4.40, 8.00, 0.94, 5.70, 1.00, 0.41, 20.60, 21.90, 33.00, 1.53, 0.59, 11.80, 5.88, 0.88, 43.50, 362.10, 74.60, 8.80, 288.20, 85.60, 77.90, 287.00, 81.00, 71.00
Joe Burrow Ja'Marr Chase Tee Higgins, 12/04, kan, 301.5, 286, 76.5, 97, 69.5, 35, 0, 52, 2.5, 13.10, 64.30, 20.20, -3.86, 21.70, 5.60, 107.20, 4.40, 6.00, 1.18, 5.10, 1.18, 0.53, 19.80, 24.00, 36.40, 1.94, 0.65, 12.20, 5.76, 1.65, 35.90, 328.20, 39.20, 4.30, 288.20, 85.60, 77.90, 287.00, 81.00, 71.00
Joe Burrow Ja'Marr Chase Tee Higgins, 12/11, cle, 273.5, 239, 84.5, 119, 68.5, 0, 0, 47, -4.0, 9.94, 61.20, 16.70, -3.41, 22.40, 6.00, 135.00, 4.70, 7.59, 0.88, 5.40, 1.18, 0.53, 19.40, 18.50, 30.50, 1.18, 0.65, 9.76, 5.18, 2.00, 38.50, 331.20, 39.80, 4.50, 288.20, 85.60, 77.90, 287.00, 97.00, 71.00
Joe Burrow Ja'Marr Chase Tee Higgins, 12/18, tam, 277.5, 200, 85.5, 60, 60.5, 33, 1, 48, -3.5, 12.60, 63.10, 20.20, -2.15, 21.10, 5.60, 120.70, 4.50, 6.06, 0.94, 5.10, 1.18, 0.59, 18.50, 21.40, 33.50, 1.71, 0.59, 10.90, 5.71, 1.47, 33.00, 324.30, 67.90, 10.10, 288.20, 85.60, 77.90, 286.00, 97.00, 47.00
Joe Burrow Ja'Marr Chase Tee Higgins, 12/24, nwe, 256.5, 375, 73.5, 79, 60.5, 128, 2, 42, -3.0, 12.20, 64.20, 19.80, 3.26, 20.40, 5.70, 105.50, 4.10, 5.29, 0.88, 5.00, 1.76, 0.65, 18.50, 21.40, 35.10, 1.65, 1.12, 11.40, 5.24, 1.76, 30.50, 322.00, 4.30, 11.90, 288.20, 85.60, 77.90, 286.00, 97.00, 47.00
Joe Burrow Ja'Marr Chase Tee Higgins, 01/08, bal, 262.5, 215, 77.5, 86, 63.5, 7, 0, 39, -11.5, 13.50, 61.60, 20.80, -1.90, 18.50, 6.20, 92.10, 3.90, 5.35, 0.71, 5.30, 1.47, 0.65, 19.00, 23.20, 34.90, 1.18, 0.82, 12.10, 4.65, 1.53, 35.80, 324.30, 32.60, 6.80, 288.20, 85.60, 77.90, 286.00, 81.00, 47.00
Geno Smith Tyler Lockett DK Metcalf, 09/12, den, 207.5, 195, 49.5, 28, 56.5, 36, 1, 44, 6.0, 11.70, 63.50, 18.80, 0.43, 21.10, 5.60, 109.80, 4.30, 6.41, 0.53, 5.00, 1.35, 0.47, 19.10, 23.10, 35.60, 1.18, 0.88, 10.60, 6.24, 2.06, 35.90, 320.00, 72.20, 6.70, 175.50, 73.40, 56.90, 175.50, 73.40, 56.90
Geno Smith Tyler Lockett DK Metcalf, 09/18, sfo, 197.5, 197, 47.5, 107, 55.5, 35, 0, 40, 8.5, 13.00, 60.40, 19.70, 3.31, 16.30, 5.90, 77.70, 3.40, 4.53, 0.94, 5.00, 1.76, 0.59, 17.10, 22.90, 34.90, 1.18, 1.18, 11.10, 5.65, 1.53, 25.70, 300.60, 69.10, 16.70, 175.50, 73.40, 56.90, 195.00, 28.00, 36.00
Geno Smith Tyler Lockett DK Metcalf, 09/25, atl, 215.5, 325, 57.5, 76, 54.5, 64, 2, 44, -1.0, 12.50, 63.60, 19.30, -7.26, 22.70, 6.80, 130.20, 4.40, 8.00, 0.94, 5.70, 1.00, 0.41, 20.60, 21.90, 33.00, 1.53, 0.59, 11.80, 5.88, 0.88, 43.50, 362.10, 73.70, 8.40, 175.50, 73.40, 56.90, 197.00, 107.00, 36.00
Geno Smith Tyler Lockett DK Metcalf, 10/02, det, 245.5, 320, 65.5, 91, 62.5, 149, 2, 48, 3.5, 13.40, 63.30, 20.90, -9.39, 25.10, 7.00, 146.50, 5.20, 7.94, 0.88, 6.20, 1.29, 0.59, 22.20, 20.80, 32.90, 1.53, 0.71, 12.30, 6.06, 1.94, 41.20, 392.40, 70.00, 0.00, 175.50, 73.40, 56.90, 197.00, 76.00, 36.00
Geno Smith Tyler Lockett DK Metcalf, 10/09, nor, 241.5, 268, 65.5, 104, 62.5, 88, 2, 45, 5.5, 11.40, 63.30, 18.10, -1.80, 20.30, 5.40, 130.50, 4.50, 7.18, 0.71, 5.00, 0.82, 0.41, 18.80, 18.90, 31.50, 1.00, 0.41, 9.35, 5.41, 2.24, 34.80, 314.80, 70.00, 0.00, 175.50, 73.40, 56.90, 320.00, 91.00, 64.00
Geno Smith Tyler Lockett DK Metcalf, 10/16, ari, 266.5, 197, 69.5, 17, 69.5, 34, 1, 50, 2.5, 12.40, 63.20, 19.20, -4.81, 26.40, 6.20, 118.60, 4.50, 7.29, 0.65, 5.50, 1.18, 0.53, 21.40, 24.40, 34.90, 1.71, 0.65, 12.80, 5.53, 1.24, 41.60, 348.90, 79.80, 5.60, 175.50, 73.40, 56.90, 268.00, 91.00, 64.00
Geno Smith Tyler Lockett DK Metcalf, 10/23, lac, 261.5, 210, 65.5, 45, 66.5, 12, 1, 51, 5.0, 10.70, 58.90, 17.40, -4.97, 22.60, 6.20, 145.80, 5.40, 7.00, 0.82, 5.90, 1.41, 0.59, 18.70, 18.20, 29.70, 1.41, 0.82, 10.30, 4.71, 1.41, 37.20, 346.10, 70.00, 0.00, 175.50, 73.40, 56.90, 268.00, 91.00, 64.00
Geno Smith Tyler Lockett DK Metcalf, 11/06, ari, 245.5, 275, 65.5, 67, 64.5, 37, 0, 49, 2.0, 12.40, 63.20, 19.20, -4.81, 26.40, 6.20, 118.60, 4.50, 7.29, 0.65, 5.50, 1.18, 0.53, 21.40, 24.40, 34.90, 1.71, 0.65, 12.80, 5.53, 1.24, 41.60, 348.90, 70.00, 0.00, 175.50, 73.40, 56.90, 210.00, 76.00, 36.00
Geno Smith Tyler Lockett DK Metcalf, 11/13, tam, 239.5, 275, 59.5, 42, 57.5, 71, 0, 45, 2.5, 12.60, 63.10, 20.20, -2.15, 21.10, 5.60, 120.70, 4.50, 6.06, 0.94, 5.10, 1.18, 0.59, 18.50, 21.40, 33.50, 1.71, 0.59, 10.90, 5.71, 1.47, 33.00, 324.30, 50.20, 4.90, 175.50, 73.40, 56.90, 268.00, 76.00, 37.00
Geno Smith Tyler Lockett DK Metcalf, 11/27, lvr, 259.5, 328, 65.5, 68, 65.5, 90, 2, 48, -4.0, 12.20, 63.40, 18.50, -7.77, 24.60, 6.70, 122.80, 4.50, 7.41, 0.76, 5.80, 0.76, 0.41, 21.20, 23.50, 34.70, 1.47, 0.35, 12.10, 5.47, 1.65, 40.80, 365.60, 40.40, 8.40, 175.50, 73.40, 56.90, 268.00, 67.00, 37.00
Geno Smith Tyler Lockett DK Metcalf, 12/04, lar, 251.5, 367, 63.5, 128, 66.5, 127, 2, 41, -6.5, 13.60, 61.70, 19.50, -4.45, 22.60, 6.50, 115.10, 4.30, 6.24, 0.76, 5.50, 1.29, 0.35, 19.50, 22.10, 32.70, 1.35, 0.94, 11.90, 4.82, 1.29, 41.00, 341.10, 70.00, 0.00, 175.50, 73.40, 56.90, 275.00, 68.00, 64.00
Geno Smith Tyler Lockett DK Metcalf, 12/11, car, 265.5, 264, 63.5, 60, 64.5, 71, 0, 44, -3.5, 14.40, 64.90, 21.20, -3.06, 22.00, 6.30, 122.60, 4.30, 7.35, 0.88, 5.40, 1.00, 0.41, 20.40, 22.50, 34.10, 1.47, 0.59, 11.40, 6.18, 1.59, 34.20, 350.20, 42.60, 4.40, 175.50, 73.40, 56.90, 275.00, 68.00, 64.00
Geno Smith Tyler Lockett DK Metcalf, 12/15, sfo, 238.5, 238, 63.5, 68, 65.5, 55, 0, 43, 3.0, 13.00, 60.40, 19.70, 3.31, 16.30, 5.90, 77.70, 3.40, 4.53, 0.94, 5.00, 1.76, 0.59, 17.10, 22.90, 34.90, 1.18, 1.18, 11.10, 5.65, 1.53, 25.70, 300.60, 37.30, 3.70, 175.50, 73.40, 56.90, 275.00, 68.00, 71.00
Geno Smith Tyler Lockett DK Metcalf, 01/01, nyj, 234.5, 183, 60.5, 15, 64.5, 3, 1, 43, 1.5, 9.88, 64.30, 16.60, 1.53, 18.60, 5.40, 121.60, 4.20, 6.88, 0.59, 4.80, 0.94, 0.24, 18.20, 20.40, 32.70, 0.88, 0.71, 9.76, 5.29, 1.59, 32.30, 311.10, 47.10, 0.00, 175.50, 73.40, 56.90, 268.00, 68.00, 64.00
Geno Smith Tyler Lockett DK Metcalf, 01/08, lar, 241.5, 213, 52.5, 54, 69.5, 40, 0, 42, -5.0, 13.60, 61.70, 19.50, -4.45, 22.60, 6.50, 115.10, 4.30, 6.24, 0.76, 5.50, 1.29, 0.35, 19.50, 22.10, 32.70, 1.35, 0.94, 11.90, 4.82, 1.29, 41.00, 341.10, 43.20, 4.90, 175.50, 73.40, 56.90, 268.00, 68.00, 64.00
Justin Fields Cole Kmet Darnell Mooney, 09/11, sfo, 183.5, 121, 15.5, 0, 47.5, 8, 1, 38, 6.5, 13.00, 60.40, 19.70, 3.31, 16.30, 5.90, 77.70, 3.40, 4.53, 0.94, 5.00, 1.76, 0.59, 17.10, 22.90, 34.90, 1.18, 1.18, 11.10, 5.65, 1.53, 25.70, 300.60, 68.30, 9.10, 155.80, 36.00, 62.10, 155.80, 36.00, 62.10
Justin Fields Cole Kmet Darnell Mooney, 09/18, gnb, 194.5, 70, 27.5, 0, 47.5, -4, 1, 42, 10.0, 11.00, 58.30, 16.60, -3.76, 21.80, 6.50, 139.50, 5.00, 7.59, 0.76, 5.80, 1.41, 0.41, 18.90, 18.50, 28.10, 1.29, 1.00, 9.59, 5.88, 1.71, 38.20, 336.50, 73.00, 5.80, 155.80, 36.00, 62.10, 121.00, 0.00, 8.00
Justin Fields Cole Kmet Darnell Mooney, 09/25, hou, 169.5, 106, 26.5, 40, 43.5, 23, 0, 40, -3.0, 10.30, 66.70, 16.00, -4.73, 24.70, 6.30, 170.20, 5.10, 8.82, 0.35, 5.70, 1.59, 0.65, 21.90, 19.80, 30.70, 0.88, 0.94, 11.50, 5.59, 1.53, 35.20, 379.50, 65.20, 9.50, 155.80, 36.00, 62.10, 121.00, 0.00, 8.00
Justin Fields Cole Kmet Darnell Mooney, 10/02, nyg, 145.5, 174, 22.5, 16, 35.5, 94, 0, 40, 3.0, 12.60, 63.40, 21.20, -7.37, 21.80, 6.00, 144.20, 5.20, 7.88, 0.76, 5.60, 1.12, 0.76, 21.80, 20.50, 33.40, 1.24, 0.35, 11.80, 6.53, 2.12, 39.80, 358.20, 57.50, 10.40, 155.80, 36.00, 62.10, 106.00, 0.00, 8.00
Justin Fields Cole Kmet Darnell Mooney, 10/09, min, 164.5, 208, 26.5, 45, 51.5, 52, 2, 44, 8.5, 14.70, 65.80, 22.20, -6.12, 25.10, 6.90, 123.10, 4.50, 6.65, 0.76, 5.90, 1.47, 0.59, 21.10, 24.00, 36.30, 1.35, 0.88, 13.20, 6.53, 1.29, 41.10, 388.70, 70.00, 0.00, 155.80, 36.00, 62.10, 121.00, 16.00, 23.00
Justin Fields Cole Kmet Darnell Mooney, 10/13, was, 170.5, 190, 29.5, 15, 46.5, 68, 0, 38, 1.0, 11.00, 58.70, 18.00, 0.43, 20.20, 5.80, 113.30, 4.40, 6.00, 0.88, 5.20, 1.06, 0.53, 16.80, 18.10, 30.20, 1.53, 0.53, 9.12, 5.00, 1.71, 31.50, 304.60, 40.60, 8.60, 155.80, 36.00, 62.10, 121.00, 16.00, 23.00
Justin Fields Cole Kmet Darnell Mooney, 10/24, nwe, 161.5, 179, 21.5, 32, 45.5, 53, 2, 40, 8.5, 12.20, 64.20, 19.80, 3.26, 20.40, 5.70, 105.50, 4.10, 5.29, 0.88, 5.00, 1.76, 0.65, 18.50, 21.40, 35.10, 1.65, 1.12, 11.40, 5.24, 1.76, 30.50, 322.00, 58.60, 0.90, 155.80, 36.00, 62.10, 174.00, 16.00, 52.00
Justin Fields Cole Kmet Darnell Mooney, 10/30, dal, 159.5, 151, 24.5, 11, 43.5, 70, 0, 42, 10.0, 12.00, 64.80, 19.10, 1.87, 20.10, 5.70, 129.30, 4.40, 7.00, 1.29, 5.10, 1.94, 1.00, 19.20, 20.30, 32.40, 1.35, 0.94, 10.20, 5.76, 2.00, 33.50, 330.20, 70.00, 0.00, 155.80, 36.00, 62.10, 174.00, 16.00, 52.00
Justin Fields Cole Kmet Darnell Mooney, 11/06, mia, 165.5, 123, 20.5, 41, 45.5, 43, 0, 46, 4.0, 13.20, 63.90, 21.10, -3.91, 23.50, 6.00, 103.00, 4.10, 5.76, 0.65, 5.30, 0.82, 0.35, 19.80, 24.50, 36.70, 1.59, 0.47, 11.80, 4.94, 2.24, 37.50, 337.80, 57.30, 17.90, 155.80, 36.00, 62.10, 174.00, 16.00, 53.00
Justin Fields Cole Kmet Darnell Mooney, 11/13, det, 180.5, 167, 24.5, 74, 43.5, 57, 0, 48, -3.0, 13.40, 63.30, 20.90, -9.39, 25.10, 7.00, 146.50, 5.20, 7.94, 0.88, 6.20, 1.29, 0.59, 22.20, 20.80, 32.90, 1.53, 0.71, 12.30, 6.06, 1.94, 41.20, 392.40, 25.90, 11.00, 155.80, 36.00, 62.10, 151.00, 16.00, 52.00
Justin Fields Cole Kmet Darnell Mooney, 11/20, atl, 173.5, 153, 28.5, 35, 45.5, 29, 0, 48, 2.5, 12.50, 63.60, 19.30, -7.26, 22.70, 6.80, 130.20, 4.40, 8.00, 0.94, 5.70, 1.00, 0.41, 20.60, 21.90, 33.00, 1.53, 0.59, 11.80, 5.88, 0.88, 43.50, 362.10, 70.00, 0.00, 155.80, 36.00, 62.10, 167.00, 32.00, 53.00
Deshaun Watson Amari Cooper Donovan Peoples-Jones, 12/04, hou, 237.5, 131, 65.5, 40, 48.5, 44, 1, 46, -7.5, 10.30, 66.70, 16.00, -4.73, 24.70, 6.30, 170.20, 5.10, 8.82, 0.35, 5.70, 1.59, 0.65, 21.90, 19.80, 30.70, 0.88, 0.94, 11.50, 5.59, 1.53, 35.20, 379.50, 70.00, 0.00, 0.00, 57.70, 42.60, 0.00, 57.70, 42.60
Deshaun Watson Amari Cooper Donovan Peoples-Jones, 12/11, cin, 228.5, 276, 57.5, 42, 51.5, 114, 0, 47, 4.0, 10.60, 62.30, 17.90, -1.25, 20.10, 6.20, 106.60, 4.20, 6.38, 0.69, 5.40, 1.50, 0.69, 18.40, 20.60, 34.90, 1.06, 0.81, 10.80, 6.25, 1.25, 36.40, 335.70, 39.80, 4.50, 0.00, 57.70, 42.60, 131.00, 40.00, 44.00
Deshaun Watson Amari Cooper Donovan Peoples-Jones, 12/17, bal, 220.5, 161, 53.5, 58, 47.5, 31, 0, 38, -3.0, 13.50, 61.60, 20.80, -1.90, 18.50, 6.20, 92.10, 3.90, 5.35, 0.71, 5.30, 1.47, 0.65, 19.00, 23.20, 34.90, 1.18, 0.82, 12.10, 4.65, 1.53, 35.80, 324.30, 25.60, 11.40, 0.00, 57.70, 42.60, 276.00, 42.00, 114.00
Deshaun Watson Amari Cooper Donovan Peoples-Jones, 12/24, nor, 144.5, 135, 33.5, 72, 27.5, 2, 0, 32, -3.0, 11.40, 63.30, 18.10, -1.80, 20.30, 5.40, 130.50, 4.50, 7.18, 0.71, 5.00, 0.82, 0.41, 18.80, 18.90, 31.50, 1.00, 0.41, 9.35, 5.41, 2.24, 34.80, 314.80, -17.70, 30.60, 0.00, 57.70, 42.60, 161.00, 42.00, 44.00
Deshaun Watson Amari Cooper Donovan Peoples-Jones, 01/01, was, 215.5, 169, 55.5, 105, 42.5, 13, 0, 41, 1.5, 11.00, 58.70, 18.00, 0.43, 20.20, 5.80, 113.30, 4.40, 6.00, 0.88, 5.20, 1.06, 0.53, 16.80, 18.10, 30.20, 1.53, 0.53, 9.12, 5.00, 1.71, 31.50, 304.60, 58.90, 7.30, 0.00, 57.70, 42.60, 161.00, 58.00, 44.00
Deshaun Watson Amari Cooper Donovan Peoples-Jones, 01/08, pit, 207.5, 230, 68.5, 51, 37.5, 42, 0, 40, 2.5, 10.70, 60.20, 18.50, -2.77, 20.40, 6.50, 108.10, 4.20, 5.59, 1.00, 5.50, 1.35, 0.18, 18.50, 19.50, 31.90, 1.71, 1.18, 11.50, 5.65, 1.35, 37.30, 330.40, 29.90, 5.90, 0.00, 57.70, 42.60, 161.00, 58.00, 31.00
Tua Tagovailoa Tyreek Hill Jaylen Waddle, 09/11, nwe, 230.5, 270, 64.5, 94, 55.5, 69, 2, 46, -3.0, 12.20, 64.20, 19.80, 3.26, 20.40, 5.70, 105.50, 4.10, 5.29, 0.88, 5.00, 1.76, 0.65, 18.50, 21.40, 35.10, 1.65, 1.12, 11.40, 5.24, 1.76, 30.50, 322.00, 100.60, 11.40, 204.10, 72.90, 63.40, 204.10, 72.90, 63.40
Tua Tagovailoa Tyreek Hill Jaylen Waddle, 09/18, bal, 254.5, 469, 67.5, 190, 59.5, 171, 2, 44, 3.5, 13.50, 61.60, 20.80, -1.90, 18.50, 6.20, 92.10, 3.90, 5.35, 0.71, 5.30, 1.47, 0.65, 19.00, 23.20, 34.90, 1.18, 0.82, 12.10, 4.65, 1.53, 35.80, 324.30, 81.70, 6.10, 204.10, 72.90, 63.40, 270.00, 94.00, 69.00
Tua Tagovailoa Tyreek Hill Jaylen Waddle, 09/25, buf, 272.5, 186, 77.5, 33, 64.5, 102, 0, 54, 4.0, 12.60, 62.30, 20.30, 0.28, 17.90, 5.60, 104.60, 4.30, 6.44, 1.13, 5.10, 1.69, 0.63, 19.60, 22.60, 35.60, 1.31, 1.06, 11.30, 5.56, 1.81, 31.00, 319.10, 93.50, 2.50, 204.10, 72.90, 63.40, 469.00, 190.00, 171.00
Tua Tagovailoa Tyreek Hill Jaylen Waddle, 09/29, cin, 254.5, 110, 76.5, 160, 67.5, 39, 0, 49, 4.0, 10.60, 62.30, 17.90, -1.25, 20.10, 6.20, 106.60, 4.20, 6.38, 0.69, 5.40, 1.50, 0.69, 18.40, 20.60, 34.90, 1.06, 0.81, 10.80, 6.25, 1.25, 36.40, 335.70, 53.60, 2.20, 204.10, 72.90, 63.40, 270.00, 94.00, 102.00
Tua Tagovailoa Tyreek Hill Jaylen Waddle, 10/23, pit, 250.5, 261, 80.5, 72, 65.5, 88, 0, 46, -7.0, 10.70, 60.20, 18.50, -2.77, 20.40, 6.50, 108.10, 4.20, 5.59, 1.00, 5.50, 1.35, 0.18, 18.50, 19.50, 31.90, 1.71, 1.18, 11.50, 5.65, 1.35, 37.30, 330.40, 75.80, 9.20, 204.10, 72.90, 63.40, 270.00, 160.00, 102.00
Tua Tagovailoa Tyreek Hill Jaylen Waddle, 10/30, det, 275.5, 382, 91.5, 188, 70.5, 106, 2, 52, -3.5, 13.40, 63.30, 20.90, -9.39, 25.10, 7.00, 146.50, 5.20, 7.94, 0.88, 6.20, 1.29, 0.59, 22.20, 20.80, 32.90, 1.53, 0.71, 12.30, 6.06, 1.94, 41.20, 392.40, 70.00, 0.00, 204.10, 72.90, 63.40, 261.00, 94.00, 88.00
Tua Tagovailoa Tyreek Hill Jaylen Waddle, 11/06, chi, 260.5, 302, 92.5, 143, 70.5, 85, 2, 46, -4.0, 10.80, 61.40, 16.40, -9.95, 27.20, 7.40, 157.30, 4.90, 8.88, 0.76, 6.10, 1.35, 0.53, 21.20, 19.00, 28.30, 1.29, 0.82, 10.80, 4.94, 1.53, 41.80, 375.90, 57.30, 17.90, 204.10, 72.90, 63.40, 270.00, 160.00, 102.00
Tua Tagovailoa Tyreek Hill Jaylen Waddle, 11/13, cle, 283.5, 285, 99.5, 44, 70.5, 66, 0, 50, -3.5, 9.94, 61.20, 16.70, -3.41, 22.40, 6.00, 135.00, 4.70, 7.59, 0.88, 5.40, 1.18, 0.53, 19.40, 18.50, 30.50, 1.18, 0.65, 9.76, 5.18, 2.00, 38.50, 331.20, 85.90, 5.80, 204.10, 72.90, 63.40, 270.00, 143.00, 88.00
Tua Tagovailoa Tyreek Hill Jaylen Waddle, 11/27, hou, 275.5, 299, 92.5, 85, 67.5, 85, 0, 48, -14.0, 10.30, 66.70, 16.00, -4.73, 24.70, 6.30, 170.20, 5.10, 8.82, 0.35, 5.70, 1.59, 0.65, 21.90, 19.80, 30.70, 0.88, 0.94, 11.50, 5.59, 1.53, 35.20, 379.50, 88.60, 11.30, 204.10, 72.90, 63.40, 285.00, 143.00, 88.00
Tua Tagovailoa Tyreek Hill Jaylen Waddle, 12/04, sfo, 269.5, 295, 90.5, 146, 65.5, 9, 0, 46, 5.0, 13.00, 60.40, 19.70, 3.31, 16.30, 5.90, 77.70, 3.40, 4.53, 0.94, 5.00, 1.76, 0.59, 17.10, 22.90, 34.90, 1.18, 1.18, 11.10, 5.65, 1.53, 25.70, 300.60, 57.60, 6.60, 204.10, 72.90, 63.40, 285.00, 94.00, 85.00
Tua Tagovailoa Tyreek Hill Jaylen Waddle, 12/11, lac, 290.5, 145, 95.5, 81, 72.5, 31, 1, 55, -3.0, 10.70, 58.90, 17.40, -4.97, 22.60, 6.20, 145.80, 5.40, 7.00, 0.82, 5.90, 1.41, 0.59, 18.70, 18.20, 29.70, 1.41, 0.82, 10.30, 4.71, 1.41, 37.20, 346.10, 70.00, 0.00, 204.10, 72.90, 63.40, 295.00, 143.00, 85.00
Tua Tagovailoa Tyreek Hill Jaylen Waddle, 12/17, buf, 230.5, 234, 72.5, 69, 52.5, 114, 0, 44, 7.0, 12.60, 62.30, 20.30, 0.28, 17.90, 5.60, 104.60, 4.30, 6.44, 1.13, 5.10, 1.69, 0.63, 19.60, 22.60, 35.60, 1.31, 1.06, 11.30, 5.56, 1.81, 31.00, 319.10, 23.30, 6.10, 204.10, 72.90, 63.40, 285.00, 94.00, 85.00
Tua Tagovailoa Tyreek Hill Jaylen Waddle, 12/25, gnb, 275.5, 310, 92.5, 103, 63.5, 143, 2, 50, -3.5, 11.00, 58.30, 16.60, -3.76, 21.80, 6.50, 139.50, 5.00, 7.59, 0.76, 5.80, 1.41, 0.41, 18.90, 18.50, 28.10, 1.29, 1.00, 9.59, 5.88, 1.71, 38.20, 336.50, 39.20, 13.00, 204.10, 72.90, 63.40, 285.00, 94.00, 85.00
Russell Wilson Courtland Sutton Jerry Jeudy, 09/12, sea, 256.5, 340, 61.5, 72, 58.5, 102, 2, 44, -6.0, 10.10, 65.70, 17.00, -6.66, 23.60, 6.10, 150.20, 4.90, 7.65, 0.65, 5.50, 1.47, 0.65, 20.40, 20.20, 32.20, 1.35, 0.82, 11.10, 5.76, 1.71, 37.20, 361.70, 72.20, 6.70, 222.40, 45.60, 46.70, 222.40, 45.60, 46.70
Russell Wilson Courtland Sutton Jerry Jeudy, 09/18, hou, 246.5, 219, 58.5, 122, 58.5, 11, 0, 46, -10.0, 10.30, 66.70, 16.00, -4.73, 24.70, 6.30, 170.20, 5.10, 8.82, 0.35, 5.70, 1.59, 0.65, 21.90, 19.80, 30.70, 0.88, 0.94, 11.50, 5.59, 1.53, 35.20, 379.50, 80.10, 11.20, 222.40, 45.60, 46.70, 340.00, 72.00, 102.00
Russell Wilson Courtland Sutton Jerry Jeudy, 09/25, sfo, 231.5, 184, 56.5, 97, 54.5, 17, 0, 44, 1.5, 13.00, 60.40, 19.70, 3.31, 16.30, 5.90, 77.70, 3.40, 4.53, 0.94, 5.00, 1.76, 0.59, 17.10, 22.90, 34.90, 1.18, 1.18, 11.10, 5.65, 1.53, 25.70, 300.60, 66.30, 8.30, 222.40, 45.60, 46.70, 340.00, 122.00, 102.00
Russell Wilson Courtland Sutton Jerry Jeudy, 10/02, lvr, 243.5, 237, 67.5, 52, 44.5, 53, 0, 45, 2.5, 12.20, 63.40, 18.50, -7.77, 24.60, 6.70, 122.80, 4.50, 7.41, 0.76, 5.80, 0.76, 0.41, 21.20, 23.50, 34.70, 1.47, 0.35, 12.10, 5.47, 1.65, 40.80, 365.60, 70.00, 0.00, 222.40, 45.60, 46.70, 219.00, 97.00, 17.00
Russell Wilson Courtland Sutton Jerry Jeudy, 10/06, ind, 239.5, 274, 63.5, 74, 49.5, 53, 2, 42, -3.0, 11.60, 64.20, 17.60, -3.00, 25.10, 6.10, 124.10, 4.10, 7.47, 0.88, 5.20, 1.24, 0.65, 20.20, 21.50, 31.60, 1.47, 0.59, 10.80, 5.24, 1.94, 36.00, 334.00, 61.00, 6.30, 222.40, 45.60, 46.70, 237.00, 97.00, 53.00
Russell Wilson Courtland Sutton Jerry Jeudy, 10/17, lac, 237.5, 188, 65.5, 14, 51.5, 54, 0, 46, 3.5, 10.70, 58.90, 17.40, -4.97, 22.60, 6.20, 145.80, 5.40, 7.00, 0.82, 5.90, 1.41, 0.59, 18.70, 18.20, 29.70, 1.41, 0.82, 10.30, 4.71, 1.41, 37.20, 346.10, 70.00, 0.00, 222.40, 45.60, 46.70, 237.00, 74.00, 53.00
Russell Wilson Courtland Sutton Jerry Jeudy, 10/30, jax, 228.5, 252, 55.5, 13, 48.5, 63, 0, 41, 1.0, 11.60, 65.10, 19.10, -3.07, 20.60, 6.40, 114.80, 4.20, 6.71, 1.06, 5.40, 1.59, 0.76, 20.60, 22.60, 35.40, 1.47, 0.82, 12.40, 5.29, 1.47, 36.10, 353.30, 61.60, 14.10, 222.40, 45.60, 46.70, 237.00, 74.00, 53.00
Russell Wilson Courtland Sutton Jerry Jeudy, 11/13, ten, 229.5, 286, 50.5, 66, 49.5, 0, 0, 40, 2.5, 14.50, 64.70, 22.10, -3.07, 21.10, 6.60, 76.90, 3.40, 5.47, 1.18, 5.40, 1.18, 0.35, 19.90, 25.80, 39.50, 1.71, 0.82, 12.60, 6.76, 1.82, 33.90, 351.60, 28.80, 9.30, 222.40, 45.60, 46.70, 237.00, 72.00, 53.00
Russell Wilson Courtland Sutton Jerry Jeudy, 12/04, bal, 219.5, 189, 61.5, 0, 45.5, 65, 0, 40, 8.5, 13.50, 61.60, 20.80, -1.90, 18.50, 6.20, 92.10, 3.90, 5.35, 0.71, 5.30, 1.47, 0.65, 19.00, 23.20, 34.90, 1.18, 0.82, 12.10, 4.65, 1.53, 35.80, 324.30, 41.50, 5.50, 222.40, 45.60, 46.70, 252.00, 72.00, 53.00
Russell Wilson Courtland Sutton Jerry Jeudy, 12/25, lar, 214.5, 214, 40.5, 64, 56.5, 117, 0, 36, -3.0, 13.60, 61.70, 19.50, -4.45, 22.60, 6.50, 115.10, 4.30, 6.24, 0.76, 5.50, 1.29, 0.35, 19.50, 22.10, 32.70, 1.35, 0.94, 11.90, 4.82, 1.29, 41.00, 341.10, 70.00, 0.00, 222.40, 45.60, 46.70, 237.00, 66.00, 53.00
Russell Wilson Courtland Sutton Jerry Jeudy, 01/01, kan, 223.5, 222, 53.5, 44, 57.5, 38, 1, 46, 12.5, 13.10, 64.30, 20.20, -3.86, 21.70, 5.60, 107.20, 4.40, 6.00, 1.18, 5.10, 1.18, 0.53, 19.80, 24.00, 36.40, 1.94, 0.65, 12.20, 5.76, 1.65, 35.90, 328.20, 49.10, 2.00, 222.40, 45.60, 46.70, 237.00, 66.00, 54.00
Russell Wilson Courtland Sutton Jerry Jeudy, 01/08, lac, 232.5, 283, 48.5, 33, 57.5, 154, 0, 40, -6.0, 10.70, 58.90, 17.40, -4.97, 22.60, 6.20, 145.80, 5.40, 7.00, 0.82, 5.90, 1.41, 0.59, 18.70, 18.20, 29.70, 1.41, 0.82, 10.30, 4.71, 1.41, 37.20, 346.10, 41.70, 8.40, 222.40, 45.60, 46.70, 222.00, 64.00, 53.00
Josh Allen Stefon Diggs Gabriel Davis, 09/08, lar, 278.5, 297, 65.5, 122, 59.5, 88, 2, 52, -2.5, 13.60, 61.70, 19.50, -4.45, 22.60, 6.50, 115.10, 4.30, 6.24, 0.76, 5.50, 1.29, 0.35, 19.50, 22.10, 32.70, 1.35, 0.94, 11.90, 4.82, 1.29, 41.00, 341.10, 70.00, 0.00, 259.20, 72.10, 34.30, 259.20, 72.10, 34.30
Josh Allen Stefon Diggs Gabriel Davis, 09/25, mia, 285.5, 400, 80.5, 74, 55.5, 37, 0, 54, -4.0, 13.20, 63.90, 21.10, -3.91, 23.50, 6.00, 103.00, 4.10, 5.76, 0.65, 5.30, 0.82, 0.35, 19.80, 24.50, 36.70, 1.59, 0.47, 11.80, 4.94, 2.24, 37.50, 337.80, 93.50, 2.50, 259.20, 72.10, 34.30, 297.00, 122.00, 88.00
Josh Allen Stefon Diggs Gabriel Davis, 10/02, bal, 289.5, 213, 84.5, 62, 47.5, 13, 1, 50, -3.0, 13.50, 61.60, 20.80, -1.90, 18.50, 6.20, 92.10, 3.90, 5.35, 0.71, 5.30, 1.47, 0.65, 19.00, 23.20, 34.90, 1.18, 0.82, 12.10, 4.65, 1.53, 35.80, 324.30, 57.10, 10.20, 259.20, 72.10, 34.30, 400.00, 122.00, 88.00
Josh Allen Stefon Diggs Gabriel Davis, 10/09, pit, 277.5, 424, 82.5, 102, 50.5, 171, 2, 44, -14.0, 10.70, 60.20, 18.50, -2.77, 20.40, 6.50, 108.10, 4.20, 5.59, 1.00, 5.50, 1.35, 0.18, 18.50, 19.50, 31.90, 1.71, 1.18, 11.50, 5.65, 1.35, 37.30, 330.40, 59.90, 18.70, 259.20, 72.10, 34.30, 297.00, 74.00, 37.00
Josh Allen Stefon Diggs Gabriel Davis, 10/16, kan, 299.5, 329, 86.5, 148, 60.5, 74, 2, 54, -2.5, 13.10, 64.30, 20.20, -3.86, 21.70, 5.60, 107.20, 4.40, 6.00, 1.18, 5.10, 1.18, 0.53, 19.80, 24.00, 36.40, 1.94, 0.65, 12.20, 5.76, 1.65, 35.90, 328.20, 62.60, 13.50, 259.20, 72.10, 34.30, 400.00, 102.00, 88.00
Josh Allen Stefon Diggs Gabriel Davis, 10/30, gnb, 273.5, 218, 82.5, 108, 56.5, 35, 0, 47, -10.5, 11.00, 58.30, 16.60, -3.76, 21.80, 6.50, 139.50, 5.00, 7.59, 0.76, 5.80, 1.41, 0.41, 18.90, 18.50, 28.10, 1.29, 1.00, 9.59, 5.88, 1.71, 38.20, 336.50, 51.50, 2.80, 259.20, 72.10, 34.30, 329.00, 102.00, 74.00
Josh Allen Stefon Diggs Gabriel Davis, 11/06, nyj, 279.5, 205, 81.5, 93, 55.5, 33, 0, 46, -10.5, 9.88, 64.30, 16.60, 1.53, 18.60, 5.40, 121.60, 4.20, 6.88, 0.59, 4.80, 0.94, 0.24, 18.20, 20.40, 32.70, 0.88, 0.71, 9.76, 5.29, 1.59, 32.30, 311.10, 73.30, 9.60, 259.20, 72.10, 34.30, 329.00, 108.00, 74.00
Josh Allen Stefon Diggs Gabriel Davis, 11/13, min, 252.5, 330, 79.5, 128, 45.5, 93, 2, 46, -6.5, 14.70, 65.80, 22.20, -6.12, 25.10, 6.90, 123.10, 4.50, 6.65, 0.76, 5.90, 1.47, 0.59, 21.10, 24.00, 36.30, 1.35, 0.88, 13.20, 6.53, 1.29, 41.10, 388.70, 29.20, 6.60, 259.20, 72.10, 34.30, 297.00, 102.00, 37.00
Josh Allen Stefon Diggs Gabriel Davis, 11/20, cle, 283.5, 197, 90.5, 48, 54.5, 68, 0, 50, -7.5, 9.94, 61.20, 16.70, -3.41, 22.40, 6.00, 135.00, 4.70, 7.59, 0.88, 5.40, 1.18, 0.53, 19.40, 18.50, 30.50, 1.18, 0.65, 9.76, 5.18, 2.00, 38.50, 331.20, 10.40, 20.10, 259.20, 72.10, 34.30, 329.00, 108.00, 74.00
Josh Allen Stefon Diggs Gabriel Davis, 11/24, det, 285.5, 253, 90.5, 77, 58.5, 38, 1, 55, -9.5, 13.40, 63.30, 20.90, -9.39, 25.10, 7.00, 146.50, 5.20, 7.94, 0.88, 6.20, 1.29, 0.59, 22.20, 20.80, 32.90, 1.53, 0.71, 12.30, 6.06, 1.94, 41.20, 392.40, 70.00, 0.00, 259.20, 72.10, 34.30, 297.00, 102.00, 68.00
Josh Allen Stefon Diggs Gabriel Davis, 12/01, nwe, 266.5, 223, 83.5, 92, 51.5, 15, 0, 44, -4.0, 12.20, 64.20, 19.80, 3.26, 20.40, 5.70, 105.50, 4.10, 5.29, 0.88, 5.00, 1.76, 0.65, 18.50, 21.40, 35.10, 1.65, 1.12, 11.40, 5.24, 1.76, 30.50, 322.00, 30.80, 9.40, 259.20, 72.10, 34.30, 297.00, 102.00, 68.00
Josh Allen Stefon Diggs Gabriel Davis, 12/11, nyj, 250.5, 147, 74.5, 37, 46.5, 31, 1, 44, -10.0, 9.88, 64.30, 16.60, 1.53, 18.60, 5.40, 121.60, 4.20, 6.88, 0.59, 4.80, 0.94, 0.24, 18.20, 20.40, 32.70, 0.88, 0.71, 9.76, 5.29, 1.59, 32.30, 311.10, 29.20, 9.90, 259.20, 72.10, 34.30, 253.00, 93.00, 38.00
Josh Allen Stefon Diggs Gabriel Davis, 12/17, mia, 243.5, 304, 71.5, 60, 36.5, 56, 0, 44, -7.0, 13.20, 63.90, 21.10, -3.91, 23.50, 6.00, 103.00, 4.10, 5.76, 0.65, 5.30, 0.82, 0.35, 19.80, 24.50, 36.70, 1.59, 0.47, 11.80, 4.94, 2.24, 37.50, 337.80, 23.30, 6.10, 259.20, 72.10, 34.30, 253.00, 93.00, 38.00
Josh Allen Stefon Diggs Gabriel Davis, 12/24, chi, 215.5, 172, 64.5, 26, 36.5, 45, 0, 40, -8.0, 10.80, 61.40, 16.40, -9.95, 27.20, 7.40, 157.30, 4.90, 8.88, 0.76, 6.10, 1.35, 0.53, 21.20, 19.00, 28.30, 1.29, 0.82, 10.80, 4.94, 1.53, 41.80, 375.90, -12.40, 19.00, 259.20, 72.10, 34.30, 253.00, 92.00, 38.00
Josh Allen Stefon Diggs Gabriel Davis, 01/08, nwe, 235.5, 254, 78.5, 104, 41.5, 39, 0, 44, -8.0, 12.20, 64.20, 19.80, 3.26, 20.40, 5.70, 105.50, 4.10, 5.29, 0.88, 5.00, 1.76, 0.65, 18.50, 21.40, 35.10, 1.65, 1.12, 11.40, 5.24, 1.76, 30.50, 322.00, 24.90, 5.20, 259.20, 72.10, 34.30, 253.00, 92.00, 45.00
Jacoby Brissett Amari Cooper Donovan Peoples-Jones, 09/11, car, 206.5, 147, 48.5, 17, 26.5, 60, 0, 42, 1.5, 14.40, 64.90, 21.20, -3.06, 22.00, 6.30, 122.60, 4.30, 7.35, 0.88, 5.40, 1.00, 0.41, 20.40, 22.50, 34.10, 1.47, 0.59, 11.40, 6.18, 1.59, 34.20, 350.20, 87.10, 9.90, 116.60, 57.70, 42.60, 116.60, 57.70, 42.60
Jacoby Brissett Amari Cooper Donovan Peoples-Jones, 09/18, nyj, 197.5, 229, 44.5, 101, 39.5, 0, 0, 38, -6.5, 9.88, 64.30, 16.60, 1.53, 18.60, 5.40, 121.60, 4.20, 6.88, 0.59, 4.80, 0.94, 0.24, 18.20, 20.40, 32.70, 0.88, 0.71, 9.76, 5.29, 1.59, 32.30, 311.10, 83.00, 16.00, 116.60, 57.70, 42.60, 147.00, 17.00, 60.00
Jacoby Brissett Amari Cooper Donovan Peoples-Jones, 09/22, pit, 180.5, 220, 46.5, 101, 26.5, 10, 0, 38, -4.5, 10.70, 60.20, 18.50, -2.77, 20.40, 6.50, 108.10, 4.20, 5.59, 1.00, 5.50, 1.35, 0.18, 18.50, 19.50, 31.90, 1.71, 1.18, 11.50, 5.65, 1.35, 37.30, 330.40, 61.00, 22.90, 116.60, 57.70, 42.60, 229.00, 101.00, 60.00
Jacoby Brissett Amari Cooper Donovan Peoples-Jones, 10/02, atl, 209.5, 234, 58.5, 9, 27.5, 71, 0, 48, -1.0, 12.50, 63.60, 19.30, -7.26, 22.70, 6.80, 130.20, 4.40, 8.00, 0.94, 5.70, 1.00, 0.41, 20.60, 21.90, 33.00, 1.53, 0.59, 11.80, 5.88, 0.88, 43.50, 362.10, 70.00, 0.00, 116.60, 57.70, 42.60, 220.00, 101.00, 10.00
Jacoby Brissett Amari Cooper Donovan Peoples-Jones, 10/09, lac, 211.5, 230, 51.5, 76, 32.5, 50, 2, 47, 1.5, 10.70, 58.90, 17.40, -4.97, 22.60, 6.20, 145.80, 5.40, 7.00, 0.82, 5.90, 1.41, 0.59, 18.70, 18.20, 29.70, 1.41, 0.82, 10.30, 4.71, 1.41, 37.20, 346.10, 60.20, 15.00, 116.60, 57.70, 42.60, 229.00, 101.00, 60.00
Jacoby Brissett Amari Cooper Donovan Peoples-Jones, 10/16, nwe, 204.5, 266, 50.5, 44, 33.5, 74, 0, 44, -2.5, 12.20, 64.20, 19.80, 3.26, 20.40, 5.70, 105.50, 4.10, 5.29, 0.88, 5.00, 1.76, 0.65, 18.50, 21.40, 35.10, 1.65, 1.12, 11.40, 5.24, 1.76, 30.50, 322.00, 64.10, 11.40, 116.60, 57.70, 42.60, 229.00, 76.00, 50.00
Jacoby Brissett Amari Cooper Donovan Peoples-Jones, 10/23, bal, 225.5, 258, 55.5, 74, 35.5, 71, 2, 46, 6.5, 13.50, 61.60, 20.80, -1.90, 18.50, 6.20, 92.10, 3.90, 5.35, 0.71, 5.30, 1.47, 0.65, 19.00, 23.20, 34.90, 1.18, 0.82, 12.10, 4.65, 1.53, 35.80, 324.30, 65.20, 9.30, 116.60, 57.70, 42.60, 230.00, 76.00, 60.00
Jacoby Brissett Amari Cooper Donovan Peoples-Jones, 10/31, cin, 219.5, 278, 55.5, 131, 42.5, 81, 2, 45, 3.0, 10.60, 62.30, 17.90, -1.25, 20.10, 6.20, 106.60, 4.20, 6.38, 0.69, 5.40, 1.50, 0.69, 18.40, 20.60, 34.90, 1.06, 0.81, 10.80, 6.25, 1.25, 36.40, 335.70, 65.00, 9.10, 116.60, 57.70, 42.60, 230.00, 74.00, 60.00
Jacoby Brissett Amari Cooper Donovan Peoples-Jones, 11/13, mia, 227.5, 212, 69.5, 32, 47.5, 99, 0, 50, 3.5, 13.20, 63.90, 21.10, -3.91, 23.50, 6.00, 103.00, 4.10, 5.76, 0.65, 5.30, 0.82, 0.35, 19.80, 24.50, 36.70, 1.59, 0.47, 11.80, 4.94, 2.24, 37.50, 337.80, 85.90, 5.80, 116.60, 57.70, 42.60, 234.00, 76.00, 71.00
Jacoby Brissett Amari Cooper Donovan Peoples-Jones, 11/20, buf, 223.5, 324, 58.5, 113, 44.5, 61, 2, 50, 7.5, 12.60, 62.30, 20.30, 0.28, 17.90, 5.60, 104.60, 4.30, 6.44, 1.13, 5.10, 1.69, 0.63, 19.60, 22.60, 35.60, 1.31, 1.06, 11.30, 5.56, 1.81, 31.00, 319.10, 10.40, 20.10, 116.60, 57.70, 42.60, 230.00, 74.00, 71.00
Jacoby Brissett Amari Cooper Donovan Peoples-Jones, 11/27, tam, 205.5, 210, 51.5, 94, 41.5, 16, 0, 42, 3.0, 12.60, 63.10, 20.20, -2.15, 21.10, 5.60, 120.70, 4.50, 6.06, 0.94, 5.10, 1.18, 0.59, 18.50, 21.40, 33.50, 1.71, 0.59, 10.90, 5.71, 1.47, 33.00, 324.30, 56.00, 17.10, 116.60, 57.70, 42.60, 234.00, 76.00, 71.00
Matt Ryan Michael Pittman Parris Campbell, 09/11, hou, 235.5, 352, 65.5, 121, 30.5, 37, 2, 46, -7.0, 10.30, 66.70, 16.00, -4.73, 24.70, 6.30, 170.20, 5.10, 8.82, 0.35, 5.70, 1.59, 0.65, 21.90, 19.80, 30.70, 0.88, 0.94, 11.50, 5.59, 1.53, 35.20, 379.50, 70.00, 0.00, 233.40, 63.60, 27.00, 233.40, 63.60, 27.00
Matt Ryan Michael Pittman Parris Campbell, 09/25, kan, 249.5, 222, 70.5, 72, 23.5, 10, 0, 51, 4.5, 13.10, 64.30, 20.20, -3.86, 21.70, 5.60, 107.20, 4.40, 6.00, 1.18, 5.10, 1.18, 0.53, 19.80, 24.00, 36.40, 1.94, 0.65, 12.20, 5.76, 1.65, 35.90, 328.20, 70.00, 0.00, 233.40, 63.60, 27.00, 352.00, 121.00, 37.00
Matt Ryan Michael Pittman Parris Campbell, 10/02, ten, 235.5, 356, 71.5, 31, 19.5, 43, 0, 43, -4.0, 14.50, 64.70, 22.10, -3.07, 21.10, 6.60, 76.90, 3.40, 5.47, 1.18, 5.40, 1.18, 0.35, 19.90, 25.80, 39.50, 1.71, 0.82, 12.60, 6.76, 1.82, 33.90, 351.60, 70.00, 0.00, 233.40, 63.60, 27.00, 352.00, 121.00, 37.00
Matt Ryan Michael Pittman Parris Campbell, 10/06, den, 230.5, 251, 63.5, 59, 20.5, 22, 0, 42, 3.0, 11.70, 63.50, 18.80, 0.43, 21.10, 5.60, 109.80, 4.30, 6.41, 0.53, 5.00, 1.35, 0.47, 19.10, 23.10, 35.60, 1.18, 0.88, 10.60, 6.24, 2.06, 35.90, 320.00, 61.00, 6.30, 233.40, 63.60, 27.00, 352.00, 72.00, 37.00
Matt Ryan Michael Pittman Parris Campbell, 10/16, jax, 242.5, 389, 69.5, 134, 21.5, 57, 2, 41, -1.5, 11.60, 65.10, 19.10, -3.07, 20.60, 6.40, 114.80, 4.20, 6.71, 1.06, 5.40, 1.59, 0.76, 20.60, 22.60, 35.40, 1.47, 0.82, 12.40, 5.29, 1.47, 36.10, 353.30, 70.00, 0.00, 233.40, 63.60, 27.00, 352.00, 72.00, 37.00
Matt Ryan Michael Pittman Parris Campbell, 10/23, ten, 249.5, 243, 68.5, 58, 26.5, 70, 0, 43, 2.5, 14.50, 64.70, 22.10, -3.07, 21.10, 6.60, 76.90, 3.40, 5.47, 1.18, 5.40, 1.18, 0.35, 19.90, 25.80, 39.50, 1.71, 0.82, 12.60, 6.76, 1.82, 33.90, 351.60, 75.00, 13.60, 233.40, 63.60, 27.00, 352.00, 72.00, 37.00
Matt Ryan Michael Pittman Parris Campbell, 11/20, phi, 229.5, 213, 57.5, 75, 42.5, 67, 0, 46, 6.5, 10.80, 63.10, 18.00, 1.22, 20.20, 4.90, 121.60, 4.60, 6.76, 0.94, 4.80, 1.59, 0.59, 19.10, 20.60, 32.70, 1.29, 1.00, 10.90, 5.59, 1.41, 32.40, 301.50, 70.00, 0.00, 233.40, 63.60, 27.00, 352.00, 72.00, 43.00
Matt Ryan Michael Pittman Parris Campbell, 11/28, pit, 231.5, 199, 66.5, 61, 45.5, 14, 1, 40, -2.5, 10.70, 60.20, 18.50, -2.77, 20.40, 6.50, 108.10, 4.20, 5.59, 1.00, 5.50, 1.35, 0.18, 18.50, 19.50, 31.90, 1.71, 1.18, 11.50, 5.65, 1.35, 37.30, 330.40, 70.00, 0.00, 233.40, 63.60, 27.00, 251.00, 72.00, 43.00
Matt Ryan Michael Pittman Parris Campbell, 12/04, dal, 215.5, 233, 60.5, 16, 37.5, 43, 0, 44, 11.0, 12.00, 64.80, 19.10, 1.87, 20.10, 5.70, 129.30, 4.40, 7.00, 1.29, 5.10, 1.94, 1.00, 19.20, 20.30, 32.40, 1.35, 0.94, 10.20, 5.76, 2.00, 33.50, 330.20, 70.00, 0.00, 233.40, 63.60, 27.00, 251.00, 72.00, 43.00
Matt Ryan Michael Pittman Parris Campbell, 12/17, min, 255.5, 182, 68.5, 60, 39.5, 13, 1, 47, 3.5, 14.70, 65.80, 22.20, -6.12, 25.10, 6.90, 123.10, 4.50, 6.65, 0.76, 5.90, 1.47, 0.59, 21.10, 24.00, 36.30, 1.35, 0.88, 13.20, 6.53, 1.29, 41.10, 388.70, 70.00, 0.00, 233.40, 63.60, 27.00, 243.00, 61.00, 43.00
Dak Prescott CeeDee Lamb Dalton Schultz, 09/11, tam, 262.5, 134, 75.5, 29, 50.5, 62, 0, 50, 2.5, 12.60, 63.10, 20.20, -2.15, 21.10, 5.60, 120.70, 4.50, 6.06, 0.94, 5.10, 1.18, 0.59, 18.50, 21.40, 33.50, 1.71, 0.59, 10.90, 5.71, 1.47, 33.00, 324.30, 70.00, 0.00, 278.10, 68.90, 47.50, 278.10, 68.90, 47.50
Dak Prescott CeeDee Lamb Dalton Schultz, 10/23, det, 258.5, 207, 76.5, 70, 31.5, 49, 0, 50, -7.0, 13.40, 63.30, 20.90, -9.39, 25.10, 7.00, 146.50, 5.20, 7.94, 0.88, 6.20, 1.29, 0.59, 22.20, 20.80, 32.90, 1.53, 0.71, 12.30, 6.06, 1.94, 41.20, 392.40, 70.00, 0.00, 278.10, 68.90, 47.50, 134.00, 29.00, 62.00
Dak Prescott CeeDee Lamb Dalton Schultz, 10/30, chi, 236.5, 250, 70.5, 77, 32.5, 74, 2, 42, -10.0, 10.80, 61.40, 16.40, -9.95, 27.20, 7.40, 157.30, 4.90, 8.88, 0.76, 6.10, 1.35, 0.53, 21.20, 19.00, 28.30, 1.29, 0.82, 10.80, 4.94, 1.53, 41.80, 375.90, 70.00, 0.00, 278.10, 68.90, 47.50, 207.00, 70.00, 62.00
Dak Prescott CeeDee Lamb Dalton Schultz, 11/13, gnb, 235.5, 265, 61.5, 150, 35.5, 54, 2, 44, -3.5, 11.00, 58.30, 16.60, -3.76, 21.80, 6.50, 139.50, 5.00, 7.59, 0.76, 5.80, 1.41, 0.41, 18.90, 18.50, 28.10, 1.29, 1.00, 9.59, 5.88, 1.71, 38.20, 336.50, 26.30, 8.00, 278.10, 68.90, 47.50, 207.00, 70.00, 62.00
Dak Prescott CeeDee Lamb Dalton Schultz, 11/20, min, 262.5, 276, 77.5, 45, 41.5, 22, 0, 48, -2.5, 14.70, 65.80, 22.20, -6.12, 25.10, 6.90, 123.10, 4.50, 6.65, 0.76, 5.90, 1.47, 0.59, 21.10, 24.00, 36.30, 1.35, 0.88, 13.20, 6.53, 1.29, 41.10, 388.70, 70.00, 0.00, 278.10, 68.90, 47.50, 250.00, 77.00, 62.00
Dak Prescott CeeDee Lamb Dalton Schultz, 11/24, nyg, 256.5, 261, 80.5, 106, 41.5, 31, 0, 46, -10.0, 12.60, 63.40, 21.20, -7.37, 21.80, 6.00, 144.20, 5.20, 7.88, 0.76, 5.60, 1.12, 0.76, 21.80, 20.50, 33.40, 1.24, 0.35, 11.80, 6.53, 2.12, 39.80, 358.20, 70.00, 0.00, 278.10, 68.90, 47.50, 250.00, 70.00, 54.00
Dak Prescott CeeDee Lamb Dalton Schultz, 12/04, ind, 241.5, 170, 67.5, 71, 37.5, 33, 0, 44, -11.0, 11.60, 64.20, 17.60, -3.00, 25.10, 6.10, 124.10, 4.10, 7.47, 0.88, 5.20, 1.24, 0.65, 20.20, 21.50, 31.60, 1.47, 0.59, 10.80, 5.24, 1.94, 36.00, 334.00, 70.00, 0.00, 278.10, 68.90, 47.50, 261.00, 77.00, 54.00
Dak Prescott CeeDee Lamb Dalton Schultz, 12/11, hou, 236.5, 284, 69.5, 33, 32.5, 87, 0, 44, -17.0, 10.30, 66.70, 16.00, -4.73, 24.70, 6.30, 170.20, 5.10, 8.82, 0.35, 5.70, 1.59, 0.65, 21.90, 19.80, 30.70, 0.88, 0.94, 11.50, 5.59, 1.53, 35.20, 379.50, 70.00, 0.00, 278.10, 68.90, 47.50, 250.00, 71.00, 49.00
Dak Prescott CeeDee Lamb Dalton Schultz, 12/18, jax, 255.5, 256, 68.5, 126, 44.5, 15, 0, 48, -3.5, 11.60, 65.10, 19.10, -3.07, 20.60, 6.40, 114.80, 4.20, 6.71, 1.06, 5.40, 1.59, 0.76, 20.60, 22.60, 35.40, 1.47, 0.82, 12.40, 5.29, 1.47, 36.10, 353.30, 54.10, 8.40, 278.10, 68.90, 47.50, 261.00, 71.00, 54.00
Dak Prescott CeeDee Lamb Dalton Schultz, 12/24, phi, 244.5, 347, 67.5, 120, 37.5, 43, 2, 48, -4.0, 10.80, 63.10, 18.00, 1.22, 20.20, 4.90, 121.60, 4.60, 6.76, 0.94, 4.80, 1.59, 0.59, 19.10, 20.60, 32.70, 1.29, 1.00, 10.90, 5.59, 1.41, 32.40, 301.50, 70.00, 0.00, 278.10, 68.90, 47.50, 256.00, 71.00, 49.00
Dak Prescott CeeDee Lamb Dalton Schultz, 12/29, ten, 227.5, 282, 69.5, 100, 39.5, 56, 2, 40, -14.0, 14.50, 64.70, 22.10, -3.07, 21.10, 6.60, 76.90, 3.40, 5.47, 1.18, 5.40, 1.18, 0.35, 19.90, 25.80, 39.50, 1.71, 0.82, 12.60, 6.76, 1.82, 33.90, 351.60, 56.90, 7.70, 278.10, 68.90, 47.50, 261.00, 77.00, 49.00
Dak Prescott CeeDee Lamb Dalton Schultz, 01/08, was, 208.5, 128, 65.5, 52, 39.5, 33, 1, 40, -7.0, 11.00, 58.70, 18.00, 0.43, 20.20, 5.80, 113.30, 4.40, 6.00, 0.88, 5.20, 1.06, 0.53, 16.80, 18.10, 30.20, 1.53, 0.53, 9.12, 5.00, 1.71, 31.50, 304.60, 35.30, 8.40, 278.10, 68.90, 47.50, 261.00, 77.00, 49.00
Trevor Lawrence Christian Kirk Zay Jones, 09/11, was, 236.5, 275, 53.5, 117, 30.5, 65, 2, 43, 3.0, 11.00, 58.70, 18.00, 0.43, 20.20, 5.80, 113.30, 4.40, 6.00, 0.88, 5.20, 1.06, 0.53, 16.80, 18.10, 30.20, 1.53, 0.53, 9.12, 5.00, 1.71, 31.50, 304.60, 74.30, 5.30, 214.20, 57.80, 32.10, 214.20, 57.80, 32.10
Trevor Lawrence Christian Kirk Zay Jones, 09/18, ind, 241.5, 235, 60.5, 78, 42.5, 23, 0, 44, 3.0, 11.60, 64.20, 17.60, -3.00, 25.10, 6.10, 124.10, 4.10, 7.47, 0.88, 5.20, 1.24, 0.65, 20.20, 21.50, 31.60, 1.47, 0.59, 10.80, 5.24, 1.94, 36.00, 334.00, 88.50, 7.90, 214.20, 57.80, 32.10, 275.00, 117.00, 65.00
Trevor Lawrence Christian Kirk Zay Jones, 09/25, lac, 235.5, 262, 65.5, 72, 35.5, 85, 2, 46, 6.5, 10.70, 58.90, 17.40, -4.97, 22.60, 6.20, 145.80, 5.40, 7.00, 0.82, 5.90, 1.41, 0.59, 18.70, 18.20, 29.70, 1.41, 0.82, 10.30, 4.71, 1.41, 37.20, 346.10, 70.00, 0.00, 214.20, 57.80, 32.10, 275.00, 117.00, 65.00
Trevor Lawrence Christian Kirk Zay Jones, 10/09, hou, 246.5, 286, 66.5, 11, 37.5, 12, 0, 44, -7.0, 10.30, 66.70, 16.00, -4.73, 24.70, 6.30, 170.20, 5.10, 8.82, 0.35, 5.70, 1.59, 0.65, 21.90, 19.80, 30.70, 0.88, 0.94, 11.50, 5.59, 1.53, 35.20, 379.50, 85.70, 6.40, 214.20, 57.80, 32.10, 262.00, 78.00, 65.00
Trevor Lawrence Christian Kirk Zay Jones, 10/16, ind, 240.5, 165, 64.5, 24, 43.5, 42, 1, 41, 1.5, 11.60, 64.20, 17.60, -3.00, 25.10, 6.10, 124.10, 4.10, 7.47, 0.88, 5.20, 1.24, 0.65, 20.20, 21.50, 31.60, 1.47, 0.59, 10.80, 5.24, 1.94, 36.00, 334.00, 70.00, 0.00, 214.20, 57.80, 32.10, 275.00, 78.00, 65.00
Trevor Lawrence Christian Kirk Zay Jones, 10/23, nyg, 229.5, 310, 54.5, 96, 35.5, 54, 2, 44, -3.0, 12.60, 63.40, 21.20, -7.37, 21.80, 6.00, 144.20, 5.20, 7.88, 0.76, 5.60, 1.12, 0.76, 21.80, 20.50, 33.40, 1.24, 0.35, 11.80, 6.53, 2.12, 39.80, 358.20, 76.80, 7.80, 214.20, 57.80, 32.10, 262.00, 72.00, 42.00
Trevor Lawrence Christian Kirk Zay Jones, 10/30, den, 217.5, 133, 51.5, 40, 42.5, 28, 1, 41, -1.0, 11.70, 63.50, 18.80, 0.43, 21.10, 5.60, 109.80, 4.30, 6.41, 0.53, 5.00, 1.35, 0.47, 19.10, 23.10, 35.60, 1.18, 0.88, 10.60, 6.24, 2.06, 35.90, 320.00, 61.60, 14.10, 214.20, 57.80, 32.10, 275.00, 78.00, 54.00
Trevor Lawrence Christian Kirk Zay Jones, 11/06, lvr, 239.5, 235, 57.5, 76, 43.5, 40, 0, 48, 2.5, 12.20, 63.40, 18.50, -7.77, 24.60, 6.70, 122.80, 4.50, 7.41, 0.76, 5.80, 0.76, 0.41, 21.20, 23.50, 34.70, 1.47, 0.35, 12.10, 5.47, 1.65, 40.80, 365.60, 87.10, 12.50, 214.20, 57.80, 32.10, 262.00, 72.00, 42.00
Trevor Lawrence Christian Kirk Zay Jones, 11/13, kan, 257.5, 259, 65.5, 105, 44.5, 68, 2, 52, 9.5, 13.10, 64.30, 20.20, -3.86, 21.70, 5.60, 107.20, 4.40, 6.00, 1.18, 5.10, 1.18, 0.53, 19.80, 24.00, 36.40, 1.94, 0.65, 12.20, 5.76, 1.65, 35.90, 328.20, 25.50, 7.20, 214.20, 57.80, 32.10, 262.00, 76.00, 42.00
Trevor Lawrence Christian Kirk Zay Jones, 11/27, bal, 225.5, 321, 62.5, 46, 45.5, 145, 0, 43, 3.0, 13.50, 61.60, 20.80, -1.90, 18.50, 6.20, 92.10, 3.90, 5.35, 0.71, 5.30, 1.47, 0.65, 19.00, 23.20, 34.90, 1.18, 0.82, 12.10, 4.65, 1.53, 35.80, 324.30, 79.50, 14.70, 214.20, 57.80, 32.10, 259.00, 76.00, 42.00
Trevor Lawrence Christian Kirk Zay Jones, 12/04, det, 253.5, 179, 60.5, 104, 48.5, 16, 0, 51, 1.5, 13.40, 63.30, 20.90, -9.39, 25.10, 7.00, 146.50, 5.20, 7.94, 0.88, 6.20, 1.29, 0.59, 22.20, 20.80, 32.90, 1.53, 0.71, 12.30, 6.06, 1.94, 41.20, 392.40, 70.00, 0.00, 214.20, 57.80, 32.10, 262.00, 76.00, 54.00
Trevor Lawrence Christian Kirk Zay Jones, 12/11, ten, 235.5, 368, 57.5, 45, 44.5, 77, 0, 42, 3.0, 14.50, 64.70, 22.10, -3.07, 21.10, 6.60, 76.90, 3.40, 5.47, 1.18, 5.40, 1.18, 0.35, 19.90, 25.80, 39.50, 1.71, 0.82, 12.60, 6.76, 1.82, 33.90, 351.60, 51.20, 9.20, 214.20, 57.80, 32.10, 259.00, 76.00, 42.00
Trevor Lawrence Christian Kirk Zay Jones, 12/18, dal, 248.5, 318, 55.5, 92, 54.5, 109, 2, 48, 3.5, 12.00, 64.80, 19.10, 1.87, 20.10, 5.70, 129.30, 4.40, 7.00, 1.29, 5.10, 1.94, 1.00, 19.20, 20.30, 32.40, 1.35, 0.94, 10.20, 5.76, 2.00, 33.50, 330.20, 54.10, 8.40, 214.20, 57.80, 32.10, 262.00, 76.00, 54.00
Trevor Lawrence Christian Kirk Zay Jones, 12/22, nyj, 208.5, 229, 48.5, 22, 44.5, 14, 0, 36, 2.5, 9.88, 64.30, 16.60, 1.53, 18.60, 5.40, 121.60, 4.20, 6.88, 0.59, 4.80, 0.94, 0.24, 18.20, 20.40, 32.70, 0.88, 0.71, 9.76, 5.29, 1.59, 32.30, 311.10, 35.60, 16.30, 214.20, 57.80, 32.10, 262.00, 76.00, 54.00
Trevor Lawrence Christian Kirk Zay Jones, 01/01, hou, 240.5, 152, 51.5, 21, 45.5, 24, 1, 44, -3.5, 10.30, 66.70, 16.00, -4.73, 24.70, 6.30, 170.20, 5.10, 8.82, 0.35, 5.70, 1.59, 0.65, 21.90, 19.80, 30.70, 0.88, 0.94, 11.50, 5.59, 1.53, 35.20, 379.50, 70.00, 0.00, 214.20, 57.80, 32.10, 262.00, 76.00, 54.00
Trevor Lawrence Christian Kirk Zay Jones, 01/07, ten, 269.5, 212, 59.5, 99, 58.5, 21, 0, 40, -5.5, 14.50, 64.70, 22.10, -3.07, 21.10, 6.60, 76.90, 3.40, 5.47, 1.18, 5.40, 1.18, 0.35, 19.90, 25.80, 39.50, 1.71, 0.82, 12.60, 6.76, 1.82, 33.90, 351.60, 52.50, 2.20, 214.20, 57.80, 32.10, 259.00, 72.00, 42.00
Jalen Hurts AJ Brown DeVonta Smith, 09/11, det, 225.5, 243, 68.5, 155, 44.5, 0, 0, 48, -6.0, 13.40, 63.30, 20.90, -9.39, 25.10, 7.00, 146.50, 5.20, 7.94, 0.88, 6.20, 1.29, 0.59, 22.20, 20.80, 32.90, 1.53, 0.71, 12.30, 6.06, 1.94, 41.20, 392.40, 70.00, 0.00, 209.60, 66.80, 53.90, 209.60, 66.80, 53.90
Jalen Hurts AJ Brown DeVonta Smith, 09/19, min, 237.5, 333, 75.5, 69, 47.5, 80, 0, 50, -3.0, 14.70, 65.80, 22.20, -6.12, 25.10, 6.90, 123.10, 4.50, 6.65, 0.76, 5.90, 1.47, 0.59, 21.10, 24.00, 36.30, 1.35, 0.88, 13.20, 6.53, 1.29, 41.10, 388.70, 73.60, 0.20, 209.60, 66.80, 53.90, 243.00, 155.00, 0.00
Jalen Hurts AJ Brown DeVonta Smith, 09/25, was, 240.5, 340, 75.5, 85, 45.5, 169, 2, 48, -5.5, 11.00, 58.70, 18.00, 0.43, 20.20, 5.80, 113.30, 4.40, 6.00, 0.88, 5.20, 1.06, 0.53, 16.80, 18.10, 30.20, 1.53, 0.53, 9.12, 5.00, 1.71, 31.50, 304.60, 75.40, 12.40, 209.60, 66.80, 53.90, 333.00, 155.00, 80.00
Jalen Hurts AJ Brown DeVonta Smith, 10/02, jax, 251.5, 204, 70.5, 95, 55.5, 17, 0, 44, -6.5, 11.60, 65.10, 19.10, -3.07, 20.60, 6.40, 114.80, 4.20, 6.71, 1.06, 5.40, 1.59, 0.76, 20.60, 22.60, 35.40, 1.47, 0.82, 12.40, 5.29, 1.47, 36.10, 353.30, 56.80, 22.30, 209.60, 66.80, 53.90, 333.00, 85.00, 80.00
Jalen Hurts AJ Brown DeVonta Smith, 10/09, ari, 247.5, 239, 72.5, 32, 53.5, 87, 0, 48, -5.5, 12.40, 63.20, 19.20, -4.81, 26.40, 6.20, 118.60, 4.50, 7.29, 0.65, 5.50, 1.18, 0.53, 21.40, 24.40, 34.90, 1.71, 0.65, 12.80, 5.53, 1.24, 41.60, 348.90, 70.00, 0.00, 209.60, 66.80, 53.90, 333.00, 95.00, 80.00
Jalen Hurts AJ Brown DeVonta Smith, 10/16, dal, 234.5, 155, 66.5, 67, 51.5, 44, 0, 43, -6.5, 12.00, 64.80, 19.10, 1.87, 20.10, 5.70, 129.30, 4.40, 7.00, 1.29, 5.10, 1.94, 1.00, 19.20, 20.30, 32.40, 1.35, 0.94, 10.20, 5.76, 2.00, 33.50, 330.20, 59.90, 3.10, 209.60, 66.80, 53.90, 243.00, 85.00, 80.00
Jalen Hurts AJ Brown DeVonta Smith, 10/30, pit, 229.5, 285, 73.5, 156, 53.5, 23, 0, 43, -11.0, 10.70, 60.20, 18.50, -2.77, 20.40, 6.50, 108.10, 4.20, 5.59, 1.00, 5.50, 1.35, 0.18, 18.50, 19.50, 31.90, 1.71, 1.18, 11.50, 5.65, 1.35, 37.30, 330.40, 62.00, 0.20, 209.60, 66.80, 53.90, 243.00, 85.00, 80.00
Jalen Hurts AJ Brown DeVonta Smith, 11/03, hou, 233.5, 243, 68.5, 59, 51.5, 22, 0, 46, -14.0, 10.30, 66.70, 16.00, -4.73, 24.70, 6.30, 170.20, 5.10, 8.82, 0.35, 5.70, 1.59, 0.65, 21.90, 19.80, 30.70, 0.88, 0.94, 11.50, 5.59, 1.53, 35.20, 379.50, 70.00, 0.00, 209.60, 66.80, 53.90, 243.00, 85.00, 44.00
Jalen Hurts AJ Brown DeVonta Smith, 11/14, was, 242.5, 175, 72.5, 7, 54.5, 39, 1, 43, -11.0, 11.00, 58.70, 18.00, 0.43, 20.20, 5.80, 113.30, 4.40, 6.00, 0.88, 5.20, 1.06, 0.53, 16.80, 18.10, 30.20, 1.53, 0.53, 9.12, 5.00, 1.71, 31.50, 304.60, 37.50, 7.70, 209.60, 66.80, 53.90, 243.00, 85.00, 44.00
Jalen Hurts AJ Brown DeVonta Smith, 11/20, ind, 237.5, 190, 70.5, 60, 60.5, 78, 0, 46, -6.5, 11.60, 64.20, 17.60, -3.00, 25.10, 6.10, 124.10, 4.10, 7.47, 0.88, 5.20, 1.24, 0.65, 20.20, 21.50, 31.60, 1.47, 0.59, 10.80, 5.24, 1.94, 36.00, 334.00, 70.00, 0.00, 209.60, 66.80, 53.90, 243.00, 69.00, 39.00
Jalen Hurts AJ Brown DeVonta Smith, 11/27, gnb, 220.5, 153, 74.5, 46, 59.5, 50, 1, 46, -6.5, 11.00, 58.30, 16.60, -3.76, 21.80, 6.50, 139.50, 5.00, 7.59, 0.76, 5.80, 1.41, 0.41, 18.90, 18.50, 28.10, 1.29, 1.00, 9.59, 5.88, 1.71, 38.20, 336.50, 62.10, 18.90, 209.60, 66.80, 53.90, 243.00, 69.00, 44.00
Jalen Hurts AJ Brown DeVonta Smith, 12/04, ten, 226.5, 380, 75.5, 119, 59.5, 102, 2, 44, -4.5, 14.50, 64.70, 22.10, -3.07, 21.10, 6.60, 76.90, 3.40, 5.47, 1.18, 5.40, 1.18, 0.35, 19.90, 25.80, 39.50, 1.71, 0.82, 12.60, 6.76, 1.82, 33.90, 351.60, 39.40, 7.90, 209.60, 66.80, 53.90, 239.00, 67.00, 44.00
Jalen Hurts AJ Brown DeVonta Smith, 12/11, nyg, 224.5, 217, 72.5, 70, 55.5, 64, 0, 44, -7.0, 12.60, 63.40, 21.20, -7.37, 21.80, 6.00, 144.20, 5.20, 7.88, 0.76, 5.60, 1.12, 0.76, 21.80, 20.50, 33.40, 1.24, 0.35, 11.80, 6.53, 2.12, 39.80, 358.20, 32.70, 6.60, 209.60, 66.80, 53.90, 243.00, 69.00, 50.00
Jalen Hurts AJ Brown DeVonta Smith, 12/18, chi, 220.5, 315, 64.5, 181, 54.5, 126, 2, 48, -8.5, 10.80, 61.40, 16.40, -9.95, 27.20, 7.40, 157.30, 4.90, 8.88, 0.76, 6.10, 1.35, 0.53, 21.20, 19.00, 28.30, 1.29, 0.82, 10.80, 4.94, 1.53, 41.80, 375.90, 1.60, 17.30, 209.60, 66.80, 53.90, 239.00, 69.00, 50.00
Jalen Hurts AJ Brown DeVonta Smith, 01/08, nyg, 241.5, 229, 65.5, 95, 65.5, 67, 0, 42, -16.5, 12.60, 63.40, 21.20, -7.37, 21.80, 6.00, 144.20, 5.20, 7.88, 0.76, 5.60, 1.12, 0.76, 21.80, 20.50, 33.40, 1.24, 0.35, 11.80, 6.53, 2.12, 39.80, 358.20, 37.10, 10.50, 209.60, 66.80, 53.90, 243.00, 70.00, 64.00
Aaron Rodgers Allen Lazard Christian Watson, 09/18, chi, 242.5, 234, 38.5, 13, 18.5, 9, 1, 42, -10.0, 10.80, 61.40, 16.40, -9.95, 27.20, 7.40, 157.30, 4.90, 8.88, 0.76, 6.10, 1.35, 0.53, 21.20, 19.00, 28.30, 1.29, 0.82, 10.80, 4.94, 1.53, 41.80, 375.90, 73.00, 5.80, 257.20, 34.20, 0.00, 257.20, 34.20, 0.00
Aaron Rodgers Allen Lazard Christian Watson, 10/02, nwe, 228.5, 251, 40.5, 116, 19.5, 8, 0, 40, -9.5, 12.20, 64.20, 19.80, 3.26, 20.40, 5.70, 105.50, 4.10, 5.29, 0.88, 5.00, 1.76, 0.65, 18.50, 21.40, 35.10, 1.65, 1.12, 11.40, 5.24, 1.76, 30.50, 322.00, 64.90, 7.90, 257.20, 34.20, 0.00, 234.00, 13.00, 9.00
Aaron Rodgers Allen Lazard Christian Watson, 10/09, nyg, 232.5, 222, 46.5, 35, 15.5, 1, 1, 42, -9.5, 12.60, 63.40, 21.20, -7.37, 21.80, 6.00, 144.20, 5.20, 7.88, 0.76, 5.60, 1.12, 0.76, 21.80, 20.50, 33.40, 1.24, 0.35, 11.80, 6.53, 2.12, 39.80, 358.20, 64.30, 10.30, 257.20, 34.20, 0.00, 251.00, 116.00, 9.00
Aaron Rodgers Allen Lazard Christian Watson, 11/17, ten, 247.5, 227, 47.5, 57, 44.5, 48, 0, 40, -3.0, 14.50, 64.70, 22.10, -3.07, 21.10, 6.60, 76.90, 3.40, 5.47, 1.18, 5.40, 1.18, 0.35, 19.90, 25.80, 39.50, 1.71, 0.82, 12.60, 6.76, 1.82, 33.90, 351.60, 15.00, 10.20, 257.20, 34.20, 0.00, 234.00, 35.00, 8.00
Aaron Rodgers Allen Lazard Christian Watson, 11/27, phi, 223.5, 140, 46.5, 24, 38.5, 110, 0, 46, 6.5, 10.80, 63.10, 18.00, 1.22, 20.20, 4.90, 121.60, 4.60, 6.76, 0.94, 4.80, 1.59, 0.59, 19.10, 20.60, 32.70, 1.29, 1.00, 10.90, 5.59, 1.41, 32.40, 301.50, 62.10, 18.90, 257.20, 34.20, 0.00, 234.00, 57.00, 9.00
Aaron Rodgers Allen Lazard Christian Watson, 12/04, chi, 228.5, 182, 46.5, 67, 49.5, 48, 0, 44, -3.5, 10.80, 61.40, 16.40, -9.95, 27.20, 7.40, 157.30, 4.90, 8.88, 0.76, 6.10, 1.35, 0.53, 21.20, 19.00, 28.30, 1.29, 0.82, 10.80, 4.94, 1.53, 41.80, 375.90, 24.30, 14.00, 257.20, 34.20, 0.00, 227.00, 35.00, 9.00
Aaron Rodgers Allen Lazard Christian Watson, 12/19, lar, 224.5, 229, 45.5, 7, 48.5, 46, 0, 40, -7.5, 13.60, 61.70, 19.50, -4.45, 22.60, 6.50, 115.10, 4.30, 6.24, 0.76, 5.50, 1.29, 0.35, 19.50, 22.10, 32.70, 1.35, 0.94, 11.90, 4.82, 1.29, 41.00, 341.10, 7.80, 4.60, 257.20, 34.20, 0.00, 227.00, 57.00, 48.00
Aaron Rodgers Allen Lazard Christian Watson, 12/25, mia, 255.5, 238, 43.5, 61, 55.5, 49, 0, 50, 3.5, 13.20, 63.90, 21.10, -3.91, 23.50, 6.00, 103.00, 4.10, 5.76, 0.65, 5.30, 0.82, 0.35, 19.80, 24.50, 36.70, 1.59, 0.47, 11.80, 4.94, 2.24, 37.50, 337.80, 39.20, 13.00, 257.20, 34.20, 0.00, 227.00, 35.00, 46.00
Aaron Rodgers Allen Lazard Christian Watson, 01/01, min, 255.5, 159, 48.5, 59, 48.5, 11, 0, 48, -3.0, 14.70, 65.80, 22.20, -6.12, 25.10, 6.90, 123.10, 4.50, 6.65, 0.76, 5.90, 1.47, 0.59, 21.10, 24.00, 36.30, 1.35, 0.88, 13.20, 6.53, 1.29, 41.10, 388.70, 33.30, 10.20, 257.20, 34.20, 0.00, 229.00, 57.00, 48.00
Aaron Rodgers Allen Lazard Christian Watson, 01/08, det, 254.5, 205, 56.5, 41, 55.5, 104, 0, 49, -5.5, 13.40, 63.30, 20.90, -9.39, 25.10, 7.00, 146.50, 5.20, 7.94, 0.88, 6.20, 1.29, 0.59, 22.20, 20.80, 32.90, 1.53, 0.71, 12.30, 6.06, 1.94, 41.20, 392.40, 12.20, 6.90, 257.20, 34.20, 0.00, 227.00, 57.00, 46.00
Patrick Mahomes Travis Kelce JuJu Smith-Schuster, 09/11, ari, 285.5, 360, 73.5, 121, 46.5, 79, 2, 54, -6.5, 12.40, 63.20, 19.20, -4.81, 26.40, 6.20, 118.60, 4.50, 7.29, 0.65, 5.50, 1.18, 0.53, 21.40, 24.40, 34.90, 1.71, 0.65, 12.80, 5.53, 1.24, 41.60, 348.90, 70.00, 0.00, 284.60, 70.30, 25.80, 284.60, 70.30, 25.80
Patrick Mahomes Travis Kelce JuJu Smith-Schuster, 09/15, lac, 295.5, 235, 79.5, 51, 55.5, 10, 1, 52, -4.0, 10.70, 58.90, 17.40, -4.97, 22.60, 6.20, 145.80, 5.40, 7.00, 0.82, 5.90, 1.41, 0.59, 18.70, 18.20, 29.70, 1.41, 0.82, 10.30, 4.71, 1.41, 37.20, 346.10, 77.30, 5.80, 284.60, 70.30, 25.80, 360.00, 121.00, 79.00
Patrick Mahomes Travis Kelce JuJu Smith-Schuster, 09/25, ind, 290.5, 262, 73.5, 58, 50.5, 89, 0, 51, -4.5, 11.60, 64.20, 17.60, -3.00, 25.10, 6.10, 124.10, 4.10, 7.47, 0.88, 5.20, 1.24, 0.65, 20.20, 21.50, 31.60, 1.47, 0.59, 10.80, 5.24, 1.94, 36.00, 334.00, 70.00, 0.00, 284.60, 70.30, 25.80, 360.00, 121.00, 79.00
Patrick Mahomes Travis Kelce JuJu Smith-Schuster, 10/02, tam, 269.5, 249, 70.5, 92, 54.5, 46, 0, 47, 2.0, 12.60, 63.10, 20.20, -2.15, 21.10, 5.60, 120.70, 4.50, 6.06, 0.94, 5.10, 1.18, 0.59, 18.50, 21.40, 33.50, 1.71, 0.59, 10.90, 5.71, 1.47, 33.00, 324.30, 72.90, 5.60, 284.60, 70.30, 25.80, 262.00, 58.00, 79.00
Patrick Mahomes Travis Kelce JuJu Smith-Schuster, 10/10, lvr, 279.5, 292, 72.5, 25, 50.5, 33, 0, 52, -7.0, 12.20, 63.40, 18.50, -7.77, 24.60, 6.70, 122.80, 4.50, 7.41, 0.76, 5.80, 0.76, 0.41, 21.20, 23.50, 34.70, 1.47, 0.35, 12.10, 5.47, 1.65, 40.80, 365.60, 73.00, 6.20, 284.60, 70.30, 25.80, 262.00, 92.00, 79.00
Patrick Mahomes Travis Kelce JuJu Smith-Schuster, 10/16, buf, 297.5, 338, 78.5, 108, 47.5, 113, 2, 54, 2.5, 12.60, 62.30, 20.30, 0.28, 17.90, 5.60, 104.60, 4.30, 6.44, 1.13, 5.10, 1.69, 0.63, 19.60, 22.60, 35.60, 1.31, 1.06, 11.30, 5.56, 1.81, 31.00, 319.10, 62.60, 13.50, 284.60, 70.30, 25.80, 262.00, 58.00, 46.00
Patrick Mahomes Travis Kelce JuJu Smith-Schuster, 10/23, sfo, 277.5, 423, 71.5, 98, 46.5, 124, 2, 49, -1.0, 13.00, 60.40, 19.70, 3.31, 16.30, 5.90, 77.70, 3.40, 4.53, 0.94, 5.00, 1.76, 0.59, 17.10, 22.90, 34.90, 1.18, 1.18, 11.10, 5.65, 1.53, 25.70, 300.60, 68.00, 10.00, 284.60, 70.30, 25.80, 292.00, 92.00, 79.00
Patrick Mahomes Travis Kelce JuJu Smith-Schuster, 11/06, ten, 284.5, 446, 72.5, 106, 54.5, 88, 2, 46, -14.0, 14.50, 64.70, 22.10, -3.07, 21.10, 6.60, 76.90, 3.40, 5.47, 1.18, 5.40, 1.18, 0.35, 19.90, 25.80, 39.50, 1.71, 0.82, 12.60, 6.76, 1.82, 33.90, 351.60, 56.10, 10.50, 284.60, 70.30, 25.80, 292.00, 92.00, 79.00
Patrick Mahomes Travis Kelce JuJu Smith-Schuster, 11/13, jax, 305.5, 331, 80.5, 81, 62.5, 33, 0, 52, -9.5, 11.60, 65.10, 19.10, -3.07, 20.60, 6.40, 114.80, 4.20, 6.71, 1.06, 5.40, 1.59, 0.76, 20.60, 22.60, 35.40, 1.47, 0.82, 12.40, 5.29, 1.47, 36.10, 353.30, 25.50, 7.20, 284.60, 70.30, 25.80, 338.00, 98.00, 88.00
Patrick Mahomes Travis Kelce JuJu Smith-Schuster, 11/27, lar, 281.5, 320, 79.5, 57, 55.5, 38, 0, 42, -15.5, 13.60, 61.70, 19.50, -4.45, 22.60, 6.50, 115.10, 4.30, 6.24, 0.76, 5.50, 1.29, 0.35, 19.50, 22.10, 32.70, 1.35, 0.94, 11.90, 4.82, 1.29, 41.00, 341.10, 38.70, 8.40, 284.60, 70.30, 25.80, 331.00, 92.00, 79.00
Patrick Mahomes Travis Kelce JuJu Smith-Schuster, 12/04, cin, 304.5, 223, 80.5, 56, 52.5, 35, 1, 52, -2.5, 10.60, 62.30, 17.90, -1.25, 20.10, 6.20, 106.60, 4.20, 6.38, 0.69, 5.40, 1.50, 0.69, 18.40, 20.60, 34.90, 1.06, 0.81, 10.80, 6.25, 1.25, 36.40, 335.70, 39.20, 4.30, 284.60, 70.30, 25.80, 331.00, 92.00, 79.00
Patrick Mahomes Travis Kelce JuJu Smith-Schuster, 12/11, den, 273.5, 352, 71.5, 71, 49.5, 74, 0, 44, -8.5, 11.70, 63.50, 18.80, 0.43, 21.10, 5.60, 109.80, 4.30, 6.41, 0.53, 5.00, 1.35, 0.47, 19.10, 23.10, 35.60, 1.18, 0.88, 10.60, 6.24, 2.06, 35.90, 320.00, 61.60, 17.00, 284.60, 70.30, 25.80, 320.00, 81.00, 46.00
Patrick Mahomes Travis Kelce JuJu Smith-Schuster, 12/18, hou, 300.0, 336, 76.5, 105, 50.5, 88, 2, 48, -14.0, 10.30, 66.70, 16.00, -4.73, 24.70, 6.30, 170.20, 5.10, 8.82, 0.35, 5.70, 1.59, 0.65, 21.90, 19.80, 30.70, 0.88, 0.94, 11.50, 5.59, 1.53, 35.20, 379.50, 70.00, 0.00, 284.60, 70.30, 25.80, 331.00, 81.00, 74.00
Patrick Mahomes Travis Kelce JuJu Smith-Schuster, 12/24, sea, 296.5, 224, 82.5, 113, 53.5, 27, 0, 50, -10.0, 10.10, 65.70, 17.00, -6.66, 23.60, 6.10, 150.20, 4.90, 7.65, 0.65, 5.50, 1.47, 0.65, 20.40, 20.20, 32.20, 1.35, 0.82, 11.10, 5.76, 1.71, 37.20, 361.70, -2.90, 11.60, 284.60, 70.30, 25.80, 331.00, 81.00, 74.00
Patrick Mahomes Travis Kelce JuJu Smith-Schuster, 01/01, den, 287.5, 328, 75.5, 43, 56.5, 21, 0, 46, -12.5, 11.70, 63.50, 18.80, 0.43, 21.10, 5.60, 109.80, 4.30, 6.41, 0.53, 5.00, 1.35, 0.47, 19.10, 23.10, 35.60, 1.18, 0.88, 10.60, 6.24, 2.06, 35.90, 320.00, 49.10, 2.00, 284.60, 70.30, 25.80, 331.00, 92.00, 74.00
Patrick Mahomes Travis Kelce JuJu Smith-Schuster, 01/07, lvr, 329.5, 202, 76.5, 38, 53.5, 35, 1, 52, -8.5, 12.20, 63.40, 18.50, -7.77, 24.60, 6.70, 122.80, 4.50, 7.41, 0.76, 5.80, 0.76, 0.41, 21.20, 23.50, 34.70, 1.47, 0.35, 12.10, 5.47, 1.65, 40.80, 365.60, 70.00, 0.00, 284.60, 70.30, 25.80, 328.00, 81.00, 46.00