ReceptionsPG, PlaysPG, TargetsPG, ExpectedPointsPG, PointsPG, YardsPerPlay, TurnoversPG, FumblesPG, FirstDownsPG, PassCompsPG, PassAttPG, PassTDPG, PassIntPG, PassFirstDownsPG, PenaltiesPG, PenaltyFirstDownsPG, ScoresPerOffDrivePG, YardsPG, FeelsLike, WindSpeed, WindDirection, RecLine, WEEK, avgRec, avgTar
9.94, 61.20, 16.70, -3.41, 22.40, 5.40, 1.18, 0.53, 19.40, 18.50, 30.50, 1.18, 0.65, 9.76, 5.18, 2.00, 38.50, 331.20, 66.80, 6.50, 291.00, 4.50, 1, 4.63, 6.81
13.50, 61.60, 20.80, -1.90, 18.50, 5.30, 1.47, 0.65, 19.00, 23.20, 34.90, 1.18, 0.82, 12.10, 4.65, 1.53, 35.80, 324.30, 73.50, 2.30, 0.00, 4.50, 2, 4.63, 6.81
13.60, 61.70, 19.50, -4.45, 22.60, 5.50, 1.29, 0.35, 19.50, 22.10, 32.70, 1.35, 0.94, 11.90, 4.82, 1.29, 41.00, 341.10, 63.70, 2.00, 44.00, 4.50, 3, 4.63, 6.81
14.50, 64.70, 22.10, -3.07, 21.10, 5.40, 1.18, 0.35, 19.90, 25.80, 39.50, 1.71, 0.82, 12.60, 6.76, 1.82, 33.90, 351.60, 85.90, 4.20, 29.00, 4.50, 4, 4.63, 6.81
10.10, 65.70, 17.00, -6.66, 23.60, 5.50, 1.47, 0.65, 20.40, 20.20, 32.20, 1.35, 0.82, 11.10, 5.76, 1.71, 37.20, 361.70, 56.00, 11.80, 346.00, 4.50, 6, 4.63, 6.81
13.00, 60.40, 19.70, 3.31, 16.30, 5.00, 1.76, 0.59, 17.10, 22.90, 34.90, 1.18, 1.18, 11.10, 5.65, 1.53, 25.70, 300.60, 73.10, 10.30, 316.00, 4.50, 8, 4.63, 6.81
12.60, 62.30, 20.30, 0.28, 17.90, 5.10, 1.69, 0.63, 19.60, 22.60, 35.60, 1.31, 1.06, 11.30, 5.56, 1.81, 31.00, 319.10, 44.80, 0.00, 0.00, 4.50, 9, 4.63, 6.81
11.60, 65.10, 19.10, -3.07, 20.60, 5.40, 1.59, 0.76, 20.60, 22.60, 35.40, 1.47, 0.82, 12.40, 5.29, 1.47, 36.10, 353.30, 62.10, 6.40, 242.00, 3.50, 13, 4.63, 6.81
11.60, 64.20, 17.60, -3.00, 25.10, 5.20, 1.24, 0.65, 20.20, 21.50, 31.60, 1.47, 0.59, 10.80, 5.24, 1.94, 36.00, 334.00, 32.40, 8.50, 263.00, 3.50, 14, 4.63, 6.81
14.70, 65.80, 22.20, -6.12, 25.10, 5.90, 1.47, 0.59, 21.10, 24.00, 36.30, 1.35, 0.88, 13.20, 6.53, 1.29, 41.10, 388.70, 52.40, 5.30, 243.00, 3.50, 15, 4.63, 6.81
10.70, 60.20, 18.50, -2.77, 20.40, 5.50, 1.35, 0.18, 18.50, 19.50, 31.90, 1.71, 1.18, 11.50, 5.65, 1.35, 37.30, 330.40, 52.20, 6.10, 57.00, 4.50, 16, 4.63, 6.81
13.10, 64.30, 20.20, -3.86, 21.70, 5.10, 1.18, 0.53, 19.80, 24.00, 36.40, 1.94, 0.65, 12.20, 5.76, 1.65, 35.90, 328.20, 24.80, 12.80, 326.00, 3.50, 17, 4.63, 6.81
11.00, 58.30, 16.60, -3.76, 21.80, 5.80, 1.41, 0.41, 18.90, 18.50, 28.10, 1.29, 1.00, 9.59, 5.88, 1.71, 38.20, 336.50, 80.10, 7.00, 240.00, 3.50, 1, 3.71, 6.94
12.60, 63.10, 20.20, -2.15, 21.10, 5.10, 1.18, 0.59, 18.50, 21.40, 33.50, 1.71, 0.59, 10.90, 5.71, 1.47, 33.00, 324.30, 102.90, 11.70, 264.00, 3.50, 2, 3.71, 6.94
13.10, 64.30, 20.20, -3.86, 21.70, 5.10, 1.18, 0.53, 19.80, 24.00, 36.40, 1.94, 0.65, 12.20, 5.76, 1.65, 35.90, 328.20, 81.80, 3.70, 334.00, 3.50, 3, 3.71, 6.94
11.70, 63.50, 18.80, 0.43, 21.10, 5.00, 1.35, 0.47, 19.10, 23.10, 35.60, 1.18, 0.88, 10.60, 6.24, 2.06, 35.90, 320.00, 81.80, 4.40, 308.00, 4.50, 4, 3.71, 6.94
11.00, 58.70, 18.00, 0.43, 20.20, 5.20, 1.06, 0.53, 16.80, 18.10, 30.20, 1.53, 0.53, 9.12, 5.00, 1.71, 31.50, 304.60, 67.40, 4.70, 126.00, 3.50, 5, 3.71, 6.94
14.70, 65.80, 22.20, -6.12, 25.10, 5.90, 1.47, 0.59, 21.10, 24.00, 36.30, 1.35, 0.88, 13.20, 6.53, 1.29, 41.10, 388.70, 56.20, 11.70, 352.00, 4.50, 6, 3.71, 6.94
12.20, 63.40, 18.50, -7.77, 24.60, 5.80, 0.76, 0.41, 21.20, 23.50, 34.70, 1.47, 0.35, 12.10, 5.47, 1.65, 40.80, 365.60, 56.30, 3.90, 13.00, 4.50, 7, 3.71, 6.94
10.70, 58.90, 17.40, -4.97, 22.60, 5.90, 1.41, 0.59, 18.70, 18.20, 29.70, 1.41, 0.82, 10.30, 4.71, 1.41, 37.20, 346.10, 70.00, 0.00, 0.00, 4.50, 8, 3.71, 6.94
11.40, 63.30, 18.10, -1.80, 20.30, 5.00, 0.82, 0.41, 18.80, 18.90, 31.50, 1.00, 0.41, 9.35, 5.41, 2.24, 34.80, 314.80, 70.00, 0.00, 0.00, 5.50, 9, 3.71, 6.94
14.40, 64.90, 21.20, -3.06, 22.00, 5.40, 1.00, 0.41, 20.40, 22.50, 34.10, 1.47, 0.59, 11.40, 6.18, 1.59, 34.20, 350.20, 42.40, 7.50, 212.00, 4.50, 10, 3.71, 6.94
13.40, 63.30, 20.90, -9.39, 25.10, 6.20, 1.29, 0.59, 22.20, 20.80, 32.90, 1.53, 0.71, 12.30, 6.06, 1.94, 41.20, 392.40, 70.00, 0.00, 0.00, 4.50, 11, 3.71, 6.94
14.70, 65.80, 22.20, -6.12, 25.10, 5.90, 1.47, 0.59, 21.10, 24.00, 36.30, 1.35, 0.88, 13.20, 6.53, 1.29, 41.10, 388.70, 70.00, 0.00, 0.00, 4.50, 12, 3.71, 6.94
13.40, 63.30, 20.90, -9.39, 25.10, 6.20, 1.29, 0.59, 22.20, 20.80, 32.90, 1.53, 0.71, 12.30, 6.06, 1.94, 41.20, 392.40, 28.00, 10.30, 289.00, 5.50, 14, 3.71, 6.94
9.94, 61.20, 16.70, -3.41, 22.40, 5.40, 1.18, 0.53, 19.40, 18.50, 30.50, 1.18, 0.65, 9.76, 5.18, 2.00, 38.50, 331.20, 38.60, 19.60, 160.00, 4.50, 15, 3.71, 6.94
12.40, 63.20, 19.20, -4.81, 26.40, 5.50, 1.18, 0.53, 21.40, 24.40, 34.90, 1.71, 0.65, 12.80, 5.53, 1.24, 41.60, 348.90, 54.90, 8.90, 150.00, 5.50, 16, 3.71, 6.94
12.50, 63.60, 19.30, -7.26, 22.70, 5.70, 1.00, 0.41, 20.60, 21.90, 33.00, 1.53, 0.59, 11.80, 5.88, 0.88, 43.50, 362.10, 26.00, 9.80, 282.00, 4.50, 17, 3.71, 6.94
11.00, 58.30, 16.60, -3.76, 21.80, 5.80, 1.41, 0.41, 18.90, 18.50, 28.10, 1.29, 1.00, 9.59, 5.88, 1.71, 38.20, 336.50, 27.80, 5.80, 261.00, 5.50, 18, 3.71, 6.94
12.20, 64.20, 19.80, 3.26, 20.40, 5.00, 1.76, 0.65, 18.50, 21.40, 35.10, 1.65, 1.12, 11.40, 5.24, 1.76, 30.50, 322.00, 72.60, 6.70, 36.00, 4.50, 1, 5.18, 8.53
14.70, 65.80, 22.20, -6.12, 25.10, 5.90, 1.47, 0.59, 21.10, 24.00, 36.30, 1.35, 0.88, 13.20, 6.53, 1.29, 41.10, 388.70, 67.70, 14.30, 9.00, 5.50, 2, 5.18, 8.53
12.60, 63.10, 20.20, -2.15, 21.10, 5.10, 1.18, 0.59, 18.50, 21.40, 33.50, 1.71, 0.59, 10.90, 5.71, 1.47, 33.00, 324.30, 86.40, 6.70, 138.00, 5.50, 3, 5.18, 8.53
11.00, 58.70, 18.00, 0.43, 20.20, 5.20, 1.06, 0.53, 16.80, 18.10, 30.20, 1.53, 0.53, 9.12, 5.00, 1.71, 31.50, 304.60, 79.00, 10.50, 20.00, 5.50, 4, 5.18, 8.53
13.60, 61.70, 19.50, -4.45, 22.60, 5.50, 1.29, 0.35, 19.50, 22.10, 32.70, 1.35, 0.94, 11.90, 4.82, 1.29, 41.00, 341.10, 70.00, 0.00, 0.00, 5.50, 5, 5.18, 8.53
9.88, 64.30, 16.60, 1.53, 18.60, 4.80, 0.94, 0.24, 18.20, 20.40, 32.70, 0.88, 0.71, 9.76, 5.29, 1.59, 32.30, 311.10, 56.90, 10.80, 307.00, 5.50, 6, 5.18, 8.53
13.20, 63.90, 21.10, -3.91, 23.50, 5.30, 0.82, 0.35, 19.80, 24.50, 36.70, 1.59, 0.47, 11.80, 4.94, 2.24, 37.50, 337.80, 53.00, 8.10, 282.00, 5.50, 7, 5.18, 8.53
11.00, 58.70, 18.00, 0.43, 20.20, 5.20, 1.06, 0.53, 16.80, 18.10, 30.20, 1.53, 0.53, 9.12, 5.00, 1.71, 31.50, 304.60, 75.80, 6.00, 17.00, 5.50, 8, 5.18, 8.53
12.00, 64.80, 19.10, 1.87, 20.10, 5.10, 1.94, 1.00, 19.20, 20.30, 32.40, 1.35, 0.94, 10.20, 5.76, 2.00, 33.50, 330.20, 64.50, 5.80, 358.00, 5.50, 9, 5.18, 8.53
13.10, 64.30, 20.20, -3.86, 21.70, 5.10, 1.18, 0.53, 19.80, 24.00, 36.40, 1.94, 0.65, 12.20, 5.76, 1.65, 35.90, 328.20, 38.80, 12.30, 19.00, 6.50, 11, 5.18, 8.53
12.60, 62.30, 20.30, 0.28, 17.90, 5.10, 1.69, 0.63, 19.60, 22.60, 35.60, 1.31, 1.06, 11.30, 5.56, 1.81, 31.00, 319.10, 41.20, 6.80, 58.00, 6.50, 12, 5.18, 8.53
13.00, 60.40, 19.70, 3.31, 16.30, 5.00, 1.76, 0.59, 17.10, 22.90, 34.90, 1.18, 1.18, 11.10, 5.65, 1.53, 25.70, 300.60, 52.10, 4.70, 42.00, 5.50, 13, 5.18, 8.53
12.00, 64.80, 19.10, 1.87, 20.10, 5.10, 1.94, 1.00, 19.20, 20.30, 32.40, 1.35, 0.94, 10.20, 5.76, 2.00, 33.50, 330.20, 70.00, 0.00, 0.00, 6.50, 14, 5.18, 8.53
10.10, 65.70, 17.00, -6.66, 23.60, 5.50, 1.47, 0.65, 20.40, 20.20, 32.20, 1.35, 0.82, 11.10, 5.76, 1.71, 37.20, 361.70, 47.20, 0.80, 34.00, 6.50, 15, 5.18, 8.53
12.60, 63.40, 21.20, -7.37, 21.80, 5.60, 1.12, 0.76, 21.80, 20.50, 33.40, 1.24, 0.35, 11.80, 6.53, 2.12, 39.80, 358.20, 48.90, 0.20, 14.00, 5.50, 16, 5.18, 8.53
12.40, 63.20, 19.20, -4.81, 26.40, 5.50, 1.18, 0.53, 21.40, 24.40, 34.90, 1.71, 0.65, 12.80, 5.53, 1.24, 41.60, 348.90, 40.00, 9.10, 281.00, 6.50, 17, 5.18, 8.53
13.20, 63.90, 21.10, -3.91, 23.50, 5.30, 0.82, 0.35, 19.80, 24.50, 36.70, 1.59, 0.47, 11.80, 4.94, 2.24, 37.50, 337.80, 70.00, 0.00, 0.00, 6.50, 1, 6.60, 8.90
14.50, 64.70, 22.10, -3.07, 21.10, 5.40, 1.18, 0.35, 19.90, 25.80, 39.50, 1.71, 0.82, 12.60, 6.76, 1.82, 33.90, 351.60, 74.90, 4.00, 310.00, 6.50, 2, 6.60, 8.90
14.70, 65.80, 22.20, -6.12, 25.10, 5.90, 1.47, 0.59, 21.10, 24.00, 36.30, 1.35, 0.88, 13.20, 6.53, 1.29, 41.10, 388.70, 70.00, 0.00, 0.00, 6.50, 3, 6.60, 8.90
12.20, 63.40, 18.50, -7.77, 24.60, 5.80, 0.76, 0.41, 21.20, 23.50, 34.70, 1.47, 0.35, 12.10, 5.47, 1.65, 40.80, 365.60, 70.00, 0.00, 0.00, 7.50, 4, 6.60, 8.90
12.00, 64.80, 19.10, 1.87, 20.10, 5.10, 1.94, 1.00, 19.20, 20.30, 32.40, 1.35, 0.94, 10.20, 5.76, 2.00, 33.50, 330.20, 70.00, 0.00, 0.00, 7.50, 6, 6.60, 8.90
13.10, 64.30, 20.20, -3.86, 21.70, 5.10, 1.18, 0.53, 19.80, 24.00, 36.40, 1.94, 0.65, 12.20, 5.76, 1.65, 35.90, 328.20, 73.00, 10.70, 110.00, 7.50, 7, 6.60, 8.90
10.80, 61.40, 16.40, -9.95, 27.20, 6.10, 1.35, 0.53, 21.20, 19.00, 28.30, 1.29, 0.82, 10.80, 4.94, 1.53, 41.80, 375.90, 70.00, 0.00, 0.00, 7.50, 8, 6.60, 8.90
9.88, 64.30, 16.60, 1.53, 18.60, 4.80, 0.94, 0.24, 18.20, 20.40, 32.70, 0.88, 0.71, 9.76, 5.29, 1.59, 32.30, 311.10, 51.60, 3.60, 189.00, 6.50, 9, 6.60, 8.90
13.40, 63.30, 20.90, -9.39, 25.10, 6.20, 1.29, 0.59, 22.20, 20.80, 32.90, 1.53, 0.71, 12.30, 6.06, 1.94, 41.20, 392.40, 70.00, 0.00, 0.00, 6.50, 10, 6.60, 8.90
11.00, 58.30, 16.60, -3.76, 21.80, 5.80, 1.41, 0.41, 18.90, 18.50, 28.10, 1.29, 1.00, 9.59, 5.88, 1.71, 38.20, 336.50, 41.40, 4.70, 12.00, 7.50, 11, 6.60, 8.90
13.50, 61.60, 20.80, -1.90, 18.50, 5.30, 1.47, 0.65, 19.00, 23.20, 34.90, 1.18, 0.82, 12.10, 4.65, 1.53, 35.80, 324.30, 70.00, 0.00, 0.00, 7.50, 12, 6.60, 8.90
12.20, 64.20, 19.80, 3.26, 20.40, 5.00, 1.76, 0.65, 18.50, 21.40, 35.10, 1.65, 1.12, 11.40, 5.24, 1.76, 30.50, 322.00, 41.90, 9.90, 73.00, 7.50, 13, 6.60, 8.90
11.70, 63.50, 18.80, 0.43, 21.10, 5.00, 1.35, 0.47, 19.10, 23.10, 35.60, 1.18, 0.88, 10.60, 6.24, 2.06, 35.90, 320.00, 70.00, 0.00, 0.00, 7.50, 14, 6.60, 8.90
10.70, 60.20, 18.50, -2.77, 20.40, 5.50, 1.35, 0.18, 18.50, 19.50, 31.90, 1.71, 1.18, 11.50, 5.65, 1.35, 37.30, 330.40, 71.50, 2.00, 0.00, 3.50, 1, 4.59, 6.71
13.60, 61.70, 19.50, -4.45, 22.60, 5.50, 1.29, 0.35, 19.50, 22.10, 32.70, 1.35, 0.94, 11.90, 4.82, 1.29, 41.00, 341.10, 70.00, 0.00, 0.00, 4.50, 2, 4.59, 6.71
12.40, 63.20, 19.20, -4.81, 26.40, 5.50, 1.18, 0.53, 21.40, 24.40, 34.90, 1.71, 0.65, 12.80, 5.53, 1.24, 41.60, 348.90, 73.70, 10.20, 333.00, 3.50, 4, 4.59, 6.71
12.00, 64.80, 19.10, 1.87, 20.10, 5.10, 1.94, 1.00, 19.20, 20.30, 32.40, 1.35, 0.94, 10.20, 5.76, 2.00, 33.50, 330.20, 66.90, 8.80, 324.00, 4.50, 5, 4.59, 6.71
9.94, 61.20, 16.70, -3.41, 22.40, 5.40, 1.18, 0.53, 19.40, 18.50, 30.50, 1.18, 0.65, 9.76, 5.18, 2.00, 38.50, 331.20, 55.10, 17.20, 310.00, 3.50, 6, 4.59, 6.71
14.70, 65.80, 22.20, -6.12, 25.10, 5.90, 1.47, 0.59, 21.10, 24.00, 36.30, 1.35, 0.88, 13.20, 6.53, 1.29, 41.10, 388.70, 70.00, 0.00, 0.00, 5.50, 7, 4.59, 6.71
10.60, 62.30, 17.90, -1.25, 20.10, 5.40, 1.50, 0.69, 18.40, 20.60, 34.90, 1.06, 0.81, 10.80, 6.25, 1.25, 36.40, 335.70, 73.10, 10.30, 316.00, 4.50, 8, 4.59, 6.71
11.60, 65.10, 19.10, -3.07, 20.60, 5.40, 1.59, 0.76, 20.60, 22.60, 35.40, 1.47, 0.82, 12.40, 5.29, 1.47, 36.10, 353.30, 61.10, 8.90, 18.00, 4.50, 10, 4.59, 6.71
12.60, 63.10, 20.20, -2.15, 21.10, 5.10, 1.18, 0.59, 18.50, 21.40, 33.50, 1.71, 0.59, 10.90, 5.71, 1.47, 33.00, 324.30, 62.60, 10.90, 323.00, 4.50, 11, 4.59, 6.71
10.10, 65.70, 17.00, -6.66, 23.60, 5.50, 1.47, 0.65, 20.40, 20.20, 32.20, 1.35, 0.82, 11.10, 5.76, 1.71, 37.20, 361.70, 41.60, 2.90, 37.00, 4.50, 12, 4.59, 6.71
10.80, 63.10, 18.00, 1.22, 20.20, 4.80, 1.59, 0.59, 19.10, 20.60, 32.70, 1.29, 1.00, 10.90, 5.59, 1.41, 32.40, 301.50, 52.10, 4.70, 42.00, 4.50, 13, 4.59, 6.71
10.10, 65.70, 17.00, -6.66, 23.60, 5.50, 1.47, 0.65, 20.40, 20.20, 32.20, 1.35, 0.82, 11.10, 5.76, 1.71, 37.20, 361.70, 60.10, 6.50, 328.00, 4.50, 14, 4.59, 6.71
12.40, 63.20, 19.20, -4.81, 26.40, 5.50, 1.18, 0.53, 21.40, 24.40, 34.90, 1.71, 0.65, 12.80, 5.53, 1.24, 41.60, 348.90, 70.00, 0.00, 0.00, 4.50, 15, 4.59, 6.71
13.50, 61.60, 20.80, -1.90, 18.50, 5.30, 1.47, 0.65, 19.00, 23.20, 34.90, 1.18, 0.82, 12.10, 4.65, 1.53, 35.80, 324.30, 54.40, 7.60, 308.00, 4.50, 16, 4.59, 6.71
11.00, 58.70, 18.00, 0.43, 20.20, 5.20, 1.06, 0.53, 16.80, 18.10, 30.20, 1.53, 0.53, 9.12, 5.00, 1.71, 31.50, 304.60, 45.50, 8.70, 243.00, 4.50, 17, 4.59, 6.71
10.70, 58.90, 17.40, -4.97, 22.60, 5.90, 1.41, 0.59, 18.70, 18.20, 29.70, 1.41, 0.82, 10.30, 4.71, 1.41, 37.20, 346.10, 70.00, 0.00, 0.00, 6.50, 1, 7.00, 10.00
12.20, 64.20, 19.80, 3.26, 20.40, 5.00, 1.76, 0.65, 18.50, 21.40, 35.10, 1.65, 1.12, 11.40, 5.24, 1.76, 30.50, 322.00, 65.40, 3.80, 277.00, 6.50, 2, 7.00, 10.00
11.70, 63.50, 18.80, 0.43, 21.10, 5.00, 1.35, 0.47, 19.10, 23.10, 35.60, 1.18, 0.88, 10.60, 6.24, 2.06, 35.90, 320.00, 96.90, 12.00, 109.00, 6.50, 3, 7.00, 10.00
12.60, 62.30, 20.30, 0.28, 17.90, 5.10, 1.69, 0.63, 19.60, 22.60, 35.60, 1.31, 1.06, 11.30, 5.56, 1.81, 31.00, 319.10, 76.00, 7.20, 249.00, 6.50, 4, 7.00, 10.00
12.60, 63.40, 21.20, -7.37, 21.80, 5.60, 1.12, 0.76, 21.80, 20.50, 33.40, 1.24, 0.35, 11.80, 6.53, 2.12, 39.80, 358.20, 95.50, 9.80, 282.00, 6.50, 5, 7.00, 10.00
14.40, 64.90, 21.20, -3.06, 22.00, 5.40, 1.00, 0.41, 20.40, 22.50, 34.10, 1.47, 0.59, 11.40, 6.18, 1.59, 34.20, 350.20, 90.30, 9.40, 253.00, 6.50, 6, 7.00, 10.00
10.80, 63.10, 18.00, 1.22, 20.20, 4.80, 1.59, 0.59, 19.10, 20.60, 32.70, 1.29, 1.00, 10.90, 5.59, 1.41, 32.40, 301.50, 53.00, 8.10, 282.00, 7.50, 7, 7.00, 10.00
12.20, 64.20, 19.80, 3.26, 20.40, 5.00, 1.76, 0.65, 18.50, 21.40, 35.10, 1.65, 1.12, 11.40, 5.24, 1.76, 30.50, 322.00, 88.90, 18.80, 69.00, 6.50, 8, 7.00, 10.00
13.10, 64.30, 20.20, -3.86, 21.70, 5.10, 1.18, 0.53, 19.80, 24.00, 36.40, 1.94, 0.65, 12.20, 5.76, 1.65, 35.90, 328.20, 52.70, 13.80, 239.00, 7.50, 9, 7.00, 10.00
12.20, 63.40, 18.50, -7.77, 24.60, 5.80, 0.76, 0.41, 21.20, 23.50, 34.70, 1.47, 0.35, 12.10, 5.47, 1.65, 40.80, 365.60, 83.10, 8.10, 9.00, 6.50, 11, 7.00, 10.00
9.88, 64.30, 16.60, 1.53, 18.60, 4.80, 0.94, 0.24, 18.20, 20.40, 32.70, 0.88, 0.71, 9.76, 5.29, 1.59, 32.30, 311.10, 44.20, 11.00, 297.00, 5.50, 12, 7.00, 10.00
11.00, 58.70, 18.00, 0.43, 20.20, 5.20, 1.06, 0.53, 16.80, 18.10, 30.20, 1.53, 0.53, 9.12, 5.00, 1.71, 31.50, 304.60, 54.10, 0.10, 358.00, 7.50, 13, 7.00, 10.00
14.50, 64.70, 22.10, -3.07, 21.10, 5.40, 1.18, 0.35, 19.90, 25.80, 39.50, 1.71, 0.82, 12.60, 6.76, 1.82, 33.90, 351.60, 61.30, 10.70, 342.00, 7.50, 14, 7.00, 10.00
12.00, 64.80, 19.10, 1.87, 20.10, 5.10, 1.94, 1.00, 19.20, 20.30, 32.40, 1.35, 0.94, 10.20, 5.76, 2.00, 33.50, 330.20, 72.40, 12.10, 93.00, 6.50, 16, 7.00, 10.00
13.50, 61.60, 20.80, -1.90, 18.50, 5.30, 1.47, 0.65, 19.00, 23.20, 34.90, 1.18, 0.82, 12.10, 4.65, 1.53, 35.80, 324.30, 45.70, 9.60, 300.00, 7.50, 17, 7.00, 10.00
12.60, 62.30, 20.30, 0.28, 17.90, 5.10, 1.69, 0.63, 19.60, 22.60, 35.60, 1.31, 1.06, 11.30, 5.56, 1.81, 31.00, 319.10, 61.40, 6.20, 352.00, 7.50, 18, 7.00, 10.00
12.60, 63.40, 21.20, -7.37, 21.80, 5.60, 1.12, 0.76, 21.80, 20.50, 33.40, 1.24, 0.35, 11.80, 6.53, 2.12, 39.80, 358.20, 72.30, 3.30, 25.00, 5.50, 1, 6.29, 9.18
9.88, 64.30, 16.60, 1.53, 18.60, 4.80, 0.94, 0.24, 18.20, 20.40, 32.70, 0.88, 0.71, 9.76, 5.29, 1.59, 32.30, 311.10, 70.00, 0.00, 0.00, 5.50, 2, 6.29, 9.18
12.40, 63.20, 19.20, -4.81, 26.40, 5.50, 1.18, 0.53, 21.40, 24.40, 34.90, 1.71, 0.65, 12.80, 5.53, 1.24, 41.60, 348.90, 70.00, 0.00, 0.00, 5.50, 3, 6.29, 9.18
12.20, 64.20, 19.80, 3.26, 20.40, 5.00, 1.76, 0.65, 18.50, 21.40, 35.10, 1.65, 1.12, 11.40, 5.24, 1.76, 30.50, 322.00, 70.00, 0.00, 0.00, 5.50, 4, 6.29, 9.18
13.00, 60.40, 19.70, 3.31, 16.30, 5.00, 1.76, 0.59, 17.10, 22.90, 34.90, 1.18, 1.18, 11.10, 5.65, 1.53, 25.70, 300.60, 66.90, 8.80, 324.00, 5.50, 5, 6.29, 9.18
10.70, 58.90, 17.40, -4.97, 22.60, 5.90, 1.41, 0.59, 18.70, 18.20, 29.70, 1.41, 0.82, 10.30, 4.71, 1.41, 37.20, 346.10, 70.00, 0.00, 0.00, 5.50, 6, 6.29, 9.18
13.60, 61.70, 19.50, -4.45, 22.60, 5.50, 1.29, 0.35, 19.50, 22.10, 32.70, 1.35, 0.94, 11.90, 4.82, 1.29, 41.00, 341.10, 70.00, 0.00, 0.00, 5.50, 8, 6.29, 9.18
10.80, 63.10, 18.00, 1.22, 20.20, 4.80, 1.59, 0.59, 19.10, 20.60, 32.70, 1.29, 1.00, 10.90, 5.59, 1.41, 32.40, 301.50, 64.50, 5.80, 358.00, 6.50, 9, 6.29, 9.18
12.60, 63.40, 21.20, -7.37, 21.80, 5.60, 1.12, 0.76, 21.80, 20.50, 33.40, 1.24, 0.35, 11.80, 6.53, 2.12, 39.80, 358.20, 70.00, 0.00, 0.00, 5.50, 10, 6.29, 9.18
14.40, 64.90, 21.20, -3.06, 22.00, 5.40, 1.00, 0.41, 20.40, 22.50, 34.10, 1.47, 0.59, 11.40, 6.18, 1.59, 34.20, 350.20, 60.20, 0.40, 13.00, 6.50, 11, 6.29, 9.18
11.00, 58.70, 18.00, 0.43, 20.20, 5.20, 1.06, 0.53, 16.80, 18.10, 30.20, 1.53, 0.53, 9.12, 5.00, 1.71, 31.50, 304.60, 70.00, 0.00, 0.00, 6.50, 12, 6.29, 9.18
10.10, 65.70, 17.00, -6.66, 23.60, 5.50, 1.47, 0.65, 20.40, 20.20, 32.20, 1.35, 0.82, 11.10, 5.76, 1.71, 37.20, 361.70, 70.00, 0.00, 0.00, 6.50, 13, 6.29, 9.18
10.80, 63.10, 18.00, 1.22, 20.20, 4.80, 1.59, 0.59, 19.10, 20.60, 32.70, 1.29, 1.00, 10.90, 5.59, 1.41, 32.40, 301.50, 70.00, 0.00, 0.00, 7.50, 14, 6.29, 9.18
12.60, 62.30, 20.30, 0.28, 17.90, 5.10, 1.69, 0.63, 19.60, 22.60, 35.60, 1.31, 1.06, 11.30, 5.56, 1.81, 31.00, 319.10, 44.80, 5.90, 179.00, 7.50, 15, 6.29, 9.18
13.20, 63.90, 21.10, -3.91, 23.50, 5.30, 0.82, 0.35, 19.80, 24.50, 36.70, 1.59, 0.47, 11.80, 4.94, 2.24, 37.50, 337.80, 72.40, 12.10, 93.00, 7.50, 16, 6.29, 9.18
13.40, 63.30, 20.90, -9.39, 25.10, 6.20, 1.29, 0.59, 22.20, 20.80, 32.90, 1.53, 0.71, 12.30, 6.06, 1.94, 41.20, 392.40, 70.00, 0.00, 0.00, 7.50, 17, 6.29, 9.18
11.00, 58.70, 18.00, 0.43, 20.20, 5.20, 1.06, 0.53, 16.80, 18.10, 30.20, 1.53, 0.53, 9.12, 5.00, 1.71, 31.50, 304.60, 41.10, 15.20, 297.00, 7.50, 18, 6.29, 9.18
11.60, 65.10, 19.10, -3.07, 20.60, 5.40, 1.59, 0.76, 20.60, 22.60, 35.40, 1.47, 0.82, 12.40, 5.29, 1.47, 36.10, 353.30, 70.00, 0.00, 0.00, 4.50, 1, 6.19, 8.81
10.30, 66.70, 16.00, -4.73, 24.70, 5.70, 1.59, 0.65, 21.90, 19.80, 30.70, 0.88, 0.94, 11.50, 5.59, 1.53, 35.20, 379.50, 70.00, 0.00, 0.00, 4.50, 2, 6.19, 8.81
13.50, 61.60, 20.80, -1.90, 18.50, 5.30, 1.47, 0.65, 19.00, 23.20, 34.90, 1.18, 0.82, 12.10, 4.65, 1.53, 35.80, 324.30, 65.90, 4.50, 44.00, 5.50, 3, 6.19, 8.81
13.60, 61.70, 19.50, -4.45, 22.60, 5.50, 1.29, 0.35, 19.50, 22.10, 32.70, 1.35, 0.94, 11.90, 4.82, 1.29, 41.00, 341.10, 70.00, 0.00, 0.00, 6.50, 4, 6.19, 8.81
14.50, 64.70, 22.10, -3.07, 21.10, 5.40, 1.18, 0.35, 19.90, 25.80, 39.50, 1.71, 0.82, 12.60, 6.76, 1.82, 33.90, 351.60, 70.00, 0.00, 0.00, 5.50, 5, 6.19, 8.81
11.60, 65.10, 19.10, -3.07, 20.60, 5.40, 1.59, 0.76, 20.60, 22.60, 35.40, 1.47, 0.82, 12.40, 5.29, 1.47, 36.10, 353.30, 74.70, 12.90, 289.00, 5.50, 6, 6.19, 8.81
9.94, 61.20, 16.70, -3.41, 22.40, 5.40, 1.18, 0.53, 19.40, 18.50, 30.50, 1.18, 0.65, 9.76, 5.18, 2.00, 38.50, 331.20, 70.00, 0.00, 0.00, 5.50, 7, 6.19, 8.81
11.40, 63.30, 18.10, -1.80, 20.30, 5.00, 0.82, 0.41, 18.80, 18.90, 31.50, 1.00, 0.41, 9.35, 5.41, 2.24, 34.80, 314.80, 70.00, 0.00, 0.00, 5.50, 8, 6.19, 8.81
14.40, 64.90, 21.20, -3.06, 22.00, 5.40, 1.00, 0.41, 20.40, 22.50, 34.10, 1.47, 0.59, 11.40, 6.18, 1.59, 34.20, 350.20, 72.50, 3.00, 258.00, 5.50, 9, 6.19, 8.81
12.20, 64.20, 19.80, 3.26, 20.40, 5.00, 1.76, 0.65, 18.50, 21.40, 35.10, 1.65, 1.12, 11.40, 5.24, 1.76, 30.50, 322.00, 44.20, 3.20, 12.00, 5.50, 10, 6.19, 8.81
12.60, 63.10, 20.20, -2.15, 21.10, 5.10, 1.18, 0.59, 18.50, 21.40, 33.50, 1.71, 0.59, 10.90, 5.71, 1.47, 33.00, 324.30, 70.00, 0.00, 0.00, 5.50, 12, 6.19, 8.81
14.50, 64.70, 22.10, -3.07, 21.10, 5.40, 1.18, 0.35, 19.90, 25.80, 39.50, 1.71, 0.82, 12.60, 6.76, 1.82, 33.90, 351.60, 55.90, 10.30, 296.00, 6.50, 13, 6.19, 8.81
10.60, 62.30, 17.90, -1.25, 20.10, 5.40, 1.50, 0.69, 18.40, 20.60, 34.90, 1.06, 0.81, 10.80, 6.25, 1.25, 36.40, 335.70, 32.40, 8.50, 263.00, 7.50, 14, 6.19, 8.81
10.70, 60.20, 18.50, -2.77, 20.40, 5.50, 1.35, 0.18, 18.50, 19.50, 31.90, 1.71, 1.18, 11.50, 5.65, 1.35, 37.30, 330.40, 70.00, 0.00, 0.00, 7.50, 15, 6.19, 8.81
12.20, 63.40, 18.50, -7.77, 24.60, 5.80, 0.76, 0.41, 21.20, 23.50, 34.70, 1.47, 0.35, 12.10, 5.47, 1.65, 40.80, 365.60, 70.00, 0.00, 0.00, 6.50, 17, 6.19, 8.81
10.30, 66.70, 16.00, -4.73, 24.70, 5.70, 1.59, 0.65, 21.90, 19.80, 30.70, 0.88, 0.94, 11.50, 5.59, 1.53, 35.20, 379.50, 70.00, 0.00, 0.00, 6.50, 18, 6.19, 8.81
9.88, 64.30, 16.60, 1.53, 18.60, 4.80, 0.94, 0.24, 18.20, 20.40, 32.70, 0.88, 0.71, 9.76, 5.29, 1.59, 32.30, 311.10, 71.10, 0.20, 353.00, 5.50, 1, 6.75, 9.63
12.20, 63.40, 18.50, -7.77, 24.60, 5.80, 0.76, 0.41, 21.20, 23.50, 34.70, 1.47, 0.35, 12.10, 5.47, 1.65, 40.80, 365.60, 70.20, 5.30, 266.00, 6.50, 2, 6.75, 9.63
11.00, 58.70, 18.00, 0.43, 20.20, 5.20, 1.06, 0.53, 16.80, 18.10, 30.20, 1.53, 0.53, 9.12, 5.00, 1.71, 31.50, 304.60, 65.90, 3.70, 348.00, 5.50, 3, 6.75, 9.63
13.20, 63.90, 21.10, -3.91, 23.50, 5.30, 0.82, 0.35, 19.80, 24.50, 36.70, 1.59, 0.47, 11.80, 4.94, 2.24, 37.50, 337.80, 76.00, 7.20, 249.00, 6.50, 4, 6.75, 9.63
11.60, 65.10, 19.10, -3.07, 20.60, 5.40, 1.59, 0.76, 20.60, 22.60, 35.40, 1.47, 0.82, 12.40, 5.29, 1.47, 36.10, 353.30, 76.10, 8.60, 246.00, 6.50, 5, 6.75, 9.63
12.60, 63.40, 21.20, -7.37, 21.80, 5.60, 1.12, 0.76, 21.80, 20.50, 33.40, 1.24, 0.35, 11.80, 6.53, 2.12, 39.80, 358.20, 43.80, 7.70, 327.00, 6.50, 6, 6.75, 9.63
12.20, 64.20, 19.80, 3.26, 20.40, 5.00, 1.76, 0.65, 18.50, 21.40, 35.10, 1.65, 1.12, 11.40, 5.24, 1.76, 30.50, 322.00, 58.60, 15.70, 267.00, 6.50, 7, 6.75, 9.63
12.60, 63.10, 20.20, -2.15, 21.10, 5.10, 1.18, 0.59, 18.50, 21.40, 33.50, 1.71, 0.59, 10.90, 5.71, 1.47, 33.00, 324.30, 67.10, 11.20, 210.00, 6.50, 8, 6.75, 9.63
10.60, 62.30, 17.90, -1.25, 20.10, 5.40, 1.50, 0.69, 18.40, 20.60, 34.90, 1.06, 0.81, 10.80, 6.25, 1.25, 36.40, 335.70, 44.80, 0.00, 0.00, 6.50, 9, 6.75, 9.63
11.70, 63.50, 18.80, 0.43, 21.10, 5.00, 1.35, 0.47, 19.10, 23.10, 35.60, 1.18, 0.88, 10.60, 6.24, 2.06, 35.90, 320.00, 42.90, 13.80, 304.00, 6.50, 10, 6.75, 9.63
9.88, 64.30, 16.60, 1.53, 18.60, 4.80, 0.94, 0.24, 18.20, 20.40, 32.70, 0.88, 0.71, 9.76, 5.29, 1.59, 32.30, 311.10, 32.00, 8.10, 351.00, 6.50, 11, 6.75, 9.63
10.80, 63.10, 18.00, 1.22, 20.20, 4.80, 1.59, 0.59, 19.10, 20.60, 32.70, 1.29, 1.00, 10.90, 5.59, 1.41, 32.40, 301.50, 41.20, 6.80, 58.00, 6.50, 12, 6.75, 9.63
13.10, 64.30, 20.20, -3.86, 21.70, 5.10, 1.18, 0.53, 19.80, 24.00, 36.40, 1.94, 0.65, 12.20, 5.76, 1.65, 35.90, 328.20, 40.70, 5.00, 228.00, 6.50, 14, 6.75, 9.63
12.00, 64.80, 19.10, 1.87, 20.10, 5.10, 1.94, 1.00, 19.20, 20.30, 32.40, 1.35, 0.94, 10.20, 5.76, 2.00, 33.50, 330.20, 44.80, 5.90, 179.00, 6.50, 15, 6.75, 9.63
10.70, 58.90, 17.40, -4.97, 22.60, 5.90, 1.41, 0.59, 18.70, 18.20, 29.70, 1.41, 0.82, 10.30, 4.71, 1.41, 37.20, 346.10, 70.00, 0.00, 0.00, 6.50, 16, 6.75, 9.63
12.20, 64.20, 19.80, 3.26, 20.40, 5.00, 1.76, 0.65, 18.50, 21.40, 35.10, 1.65, 1.12, 11.40, 5.24, 1.76, 30.50, 322.00, 35.50, 1.80, 3.00, 5.50, 17, 6.75, 9.63
13.20, 63.90, 21.10, -3.91, 23.50, 5.30, 0.82, 0.35, 19.80, 24.50, 36.70, 1.59, 0.47, 11.80, 4.94, 2.24, 37.50, 337.80, 61.40, 6.20, 352.00, 5.50, 18, 6.75, 9.63
13.00, 60.40, 19.70, 3.31, 16.30, 5.00, 1.76, 0.59, 17.10, 22.90, 34.90, 1.18, 1.18, 11.10, 5.65, 1.53, 25.70, 300.60, 71.50, 2.00, 0.00, 4.50, 1, 5.06, 8.65
13.60, 61.70, 19.50, -4.45, 22.60, 5.50, 1.29, 0.35, 19.50, 22.10, 32.70, 1.35, 0.94, 11.90, 4.82, 1.29, 41.00, 341.10, 70.00, 0.00, 0.00, 4.50, 7, 5.06, 8.65
11.60, 65.10, 19.10, -3.07, 20.60, 5.40, 1.59, 0.76, 20.60, 22.60, 35.40, 1.47, 0.82, 12.40, 5.29, 1.47, 36.10, 353.30, 55.00, 6.30, 341.00, 4.50, 8, 5.06, 8.65
14.50, 64.70, 22.10, -3.07, 21.10, 5.40, 1.18, 0.35, 19.90, 25.80, 39.50, 1.71, 0.82, 12.60, 6.76, 1.82, 33.90, 351.60, 35.30, 6.30, 172.00, 5.50, 9, 5.06, 8.65
11.00, 58.30, 16.60, -3.76, 21.80, 5.80, 1.41, 0.41, 18.90, 18.50, 28.10, 1.29, 1.00, 9.59, 5.88, 1.71, 38.20, 336.50, 50.90, 4.80, 8.00, 5.50, 10, 5.06, 8.65
9.94, 61.20, 16.70, -3.41, 22.40, 5.40, 1.18, 0.53, 19.40, 18.50, 30.50, 1.18, 0.65, 9.76, 5.18, 2.00, 38.50, 331.20, 50.00, 8.10, 281.00, 4.50, 11, 5.06, 8.65
10.60, 62.30, 17.90, -1.25, 20.10, 5.40, 1.50, 0.69, 18.40, 20.60, 34.90, 1.06, 0.81, 10.80, 6.25, 1.25, 36.40, 335.70, 42.50, 7.30, 181.00, 4.50, 12, 5.06, 8.65
12.40, 63.20, 19.20, -4.81, 26.40, 5.50, 1.18, 0.53, 21.40, 24.40, 34.90, 1.71, 0.65, 12.80, 5.53, 1.24, 41.60, 348.90, 57.70, 9.00, 220.00, 4.50, 13, 5.06, 8.65
12.20, 64.20, 19.80, 3.26, 20.40, 5.00, 1.76, 0.65, 18.50, 21.40, 35.10, 1.65, 1.12, 11.40, 5.24, 1.76, 30.50, 322.00, 39.10, 5.60, 189.00, 4.50, 14, 5.06, 8.65
11.60, 64.20, 17.60, -3.00, 25.10, 5.20, 1.24, 0.65, 20.20, 21.50, 31.60, 1.47, 0.59, 10.80, 5.24, 1.94, 36.00, 334.00, 70.00, 0.00, 0.00, 3.50, 15, 5.06, 8.65
10.60, 62.30, 17.90, -1.25, 20.10, 5.40, 1.50, 0.69, 18.40, 20.60, 34.90, 1.06, 0.81, 10.80, 6.25, 1.25, 36.40, 335.70, 52.20, 6.10, 57.00, 3.50, 16, 5.06, 8.65
10.10, 65.70, 17.00, -6.66, 23.60, 5.50, 1.47, 0.65, 20.40, 20.20, 32.20, 1.35, 0.82, 11.10, 5.76, 1.71, 37.20, 361.70, 50.10, 1.30, 36.00, 4.50, 17, 5.06, 8.65
13.50, 61.60, 20.80, -1.90, 18.50, 5.30, 1.47, 0.65, 19.00, 23.20, 34.90, 1.18, 0.82, 12.10, 4.65, 1.53, 35.80, 324.30, 27.90, 17.10, 57.00, 3.50, 18, 5.06, 8.65
11.70, 63.50, 18.80, 0.43, 21.10, 5.00, 1.35, 0.47, 19.10, 23.10, 35.60, 1.18, 0.88, 10.60, 6.24, 2.06, 35.90, 320.00, 65.10, 6.40, 31.00, 5.50, 1, 5.88, 10.59
12.60, 62.30, 20.30, 0.28, 17.90, 5.10, 1.69, 0.63, 19.60, 22.60, 35.60, 1.31, 1.06, 11.30, 5.56, 1.81, 31.00, 319.10, 70.20, 5.30, 266.00, 5.50, 2, 5.88, 10.59
10.70, 60.20, 18.50, -2.77, 20.40, 5.50, 1.35, 0.18, 18.50, 19.50, 31.90, 1.71, 1.18, 11.50, 5.65, 1.35, 37.30, 330.40, 70.00, 0.00, 0.00, 5.50, 3, 5.88, 10.59
10.70, 58.90, 17.40, -4.97, 22.60, 5.90, 1.41, 0.59, 18.70, 18.20, 29.70, 1.41, 0.82, 10.30, 4.71, 1.41, 37.20, 346.10, 70.00, 0.00, 0.00, 5.50, 4, 5.88, 10.59
11.00, 58.30, 16.60, -3.76, 21.80, 5.80, 1.41, 0.41, 18.90, 18.50, 28.10, 1.29, 1.00, 9.59, 5.88, 1.71, 38.20, 336.50, 70.00, 0.00, 0.00, 6.50, 5, 5.88, 10.59
12.20, 64.20, 19.80, 3.26, 20.40, 5.00, 1.76, 0.65, 18.50, 21.40, 35.10, 1.65, 1.12, 11.40, 5.24, 1.76, 30.50, 322.00, 70.00, 0.00, 0.00, 6.50, 6, 5.88, 10.59
10.80, 61.40, 16.40, -9.95, 27.20, 6.10, 1.35, 0.53, 21.20, 19.00, 28.30, 1.29, 0.82, 10.80, 4.94, 1.53, 41.80, 375.90, 56.30, 3.90, 13.00, 5.50, 7, 5.88, 10.59
13.40, 63.30, 20.90, -9.39, 25.10, 6.20, 1.29, 0.59, 22.20, 20.80, 32.90, 1.53, 0.71, 12.30, 6.06, 1.94, 41.20, 392.40, 70.00, 0.00, 0.00, 5.50, 8, 5.88, 10.59
12.60, 63.40, 21.20, -7.37, 21.80, 5.60, 1.12, 0.76, 21.80, 20.50, 33.40, 1.24, 0.35, 11.80, 6.53, 2.12, 39.80, 358.20, 70.00, 0.00, 0.00, 6.50, 9, 5.88, 10.59
9.88, 64.30, 16.60, 1.53, 18.60, 4.80, 0.94, 0.24, 18.20, 20.40, 32.70, 0.88, 0.71, 9.76, 5.29, 1.59, 32.30, 311.10, 70.00, 0.00, 0.00, 5.50, 10, 5.88, 10.59
13.20, 63.90, 21.10, -3.91, 23.50, 5.30, 0.82, 0.35, 19.80, 24.50, 36.70, 1.59, 0.47, 11.80, 4.94, 2.24, 37.50, 337.80, 83.10, 8.10, 9.00, 5.50, 11, 5.88, 10.59
13.10, 64.30, 20.20, -3.86, 21.70, 5.10, 1.18, 0.53, 19.80, 24.00, 36.40, 1.94, 0.65, 12.20, 5.76, 1.65, 35.90, 328.20, 70.00, 0.00, 0.00, 5.50, 12, 5.88, 10.59
14.70, 65.80, 22.20, -6.12, 25.10, 5.90, 1.47, 0.59, 21.10, 24.00, 36.30, 1.35, 0.88, 13.20, 6.53, 1.29, 41.10, 388.70, 70.00, 0.00, 0.00, 5.50, 14, 5.88, 10.59
10.70, 58.90, 17.40, -4.97, 22.60, 5.90, 1.41, 0.59, 18.70, 18.20, 29.70, 1.41, 0.82, 10.30, 4.71, 1.41, 37.20, 346.10, 70.00, 0.00, 0.00, 6.50, 15, 5.88, 10.59
13.10, 64.30, 20.20, -3.86, 21.70, 5.10, 1.18, 0.53, 19.80, 24.00, 36.40, 1.94, 0.65, 12.20, 5.76, 1.65, 35.90, 328.20, 28.40, 13.90, 264.00, 5.50, 16, 5.88, 10.59
11.60, 64.20, 17.60, -3.00, 25.10, 5.20, 1.24, 0.65, 20.20, 21.50, 31.60, 1.47, 0.59, 10.80, 5.24, 1.94, 36.00, 334.00, 70.00, 0.00, 0.00, 5.50, 17, 5.88, 10.59
11.70, 63.50, 18.80, 0.43, 21.10, 5.00, 1.35, 0.47, 19.10, 23.10, 35.60, 1.18, 0.88, 10.60, 6.24, 2.06, 35.90, 320.00, 70.00, 0.00, 0.00, 6.50, 18, 5.88, 10.59
12.50, 63.60, 19.30, -7.26, 22.70, 5.70, 1.00, 0.41, 20.60, 21.90, 33.00, 1.53, 0.59, 11.80, 5.88, 0.88, 43.50, 362.10, 70.00, 0.00, 0.00, 3.50, 1, 4.12, 6.29
11.40, 63.30, 18.10, -1.80, 20.30, 5.00, 0.82, 0.41, 18.80, 18.90, 31.50, 1.00, 0.41, 9.35, 5.41, 2.24, 34.80, 314.80, 65.20, 2.70, 326.00, 2.50, 2, 4.12, 6.29
10.10, 65.70, 17.00, -6.66, 23.60, 5.50, 1.47, 0.65, 20.40, 20.20, 32.20, 1.35, 0.82, 11.10, 5.76, 1.71, 37.20, 361.70, 62.20, 2.70, 137.00, 3.50, 3, 4.12, 6.29
14.70, 65.80, 22.20, -6.12, 25.10, 5.90, 1.47, 0.59, 21.10, 24.00, 36.30, 1.35, 0.88, 13.20, 6.53, 1.29, 41.10, 388.70, 80.00, 8.20, 37.00, 4.50, 4, 4.12, 6.29
13.40, 63.30, 20.90, -9.39, 25.10, 6.20, 1.29, 0.59, 22.20, 20.80, 32.90, 1.53, 0.71, 12.30, 6.06, 1.94, 41.20, 392.40, 70.00, 0.00, 0.00, 4.50, 5, 4.12, 6.29
13.20, 63.90, 21.10, -3.91, 23.50, 5.30, 0.82, 0.35, 19.80, 24.50, 36.70, 1.59, 0.47, 11.80, 4.94, 2.24, 37.50, 337.80, 90.30, 9.40, 253.00, 5.50, 6, 4.12, 6.29
10.30, 66.70, 16.00, -4.73, 24.70, 5.70, 1.59, 0.65, 21.90, 19.80, 30.70, 0.88, 0.94, 11.50, 5.59, 1.53, 35.20, 379.50, 80.80, 13.30, 239.00, 6.50, 8, 4.12, 6.29
11.60, 64.20, 17.60, -3.00, 25.10, 5.20, 1.24, 0.65, 20.20, 21.50, 31.60, 1.47, 0.59, 10.80, 5.24, 1.94, 36.00, 334.00, 72.50, 3.00, 258.00, 6.50, 9, 4.12, 6.29
10.80, 61.40, 16.40, -9.95, 27.20, 6.10, 1.35, 0.53, 21.20, 19.00, 28.30, 1.29, 0.82, 10.80, 4.94, 1.53, 41.80, 375.90, 42.40, 7.50, 212.00, 6.50, 10, 4.12, 6.29
12.00, 64.80, 19.10, 1.87, 20.10, 5.10, 1.94, 1.00, 19.20, 20.30, 32.40, 1.35, 0.94, 10.20, 5.76, 2.00, 33.50, 330.20, 60.20, 0.40, 13.00, 5.50, 11, 4.12, 6.29
14.50, 64.70, 22.10, -3.07, 21.10, 5.40, 1.18, 0.35, 19.90, 25.80, 39.50, 1.71, 0.82, 12.60, 6.76, 1.82, 33.90, 351.60, 52.50, 10.20, 221.00, 6.50, 12, 4.12, 6.29
12.60, 63.10, 20.20, -2.15, 21.10, 5.10, 1.18, 0.59, 18.50, 21.40, 33.50, 1.71, 0.59, 10.90, 5.71, 1.47, 33.00, 324.30, 72.80, 7.00, 2.00, 5.50, 13, 4.12, 6.29
11.40, 63.30, 18.10, -1.80, 20.30, 5.00, 0.82, 0.41, 18.80, 18.90, 31.50, 1.00, 0.41, 9.35, 5.41, 2.24, 34.80, 314.80, 70.00, 0.00, 0.00, 5.50, 14, 4.12, 6.29
12.50, 63.60, 19.30, -7.26, 22.70, 5.70, 1.00, 0.41, 20.60, 21.90, 33.00, 1.53, 0.59, 11.80, 5.88, 0.88, 43.50, 362.10, 41.40, 13.00, 11.00, 4.50, 15, 4.12, 6.29
11.00, 58.30, 16.60, -3.76, 21.80, 5.80, 1.41, 0.41, 18.90, 18.50, 28.10, 1.29, 1.00, 9.59, 5.88, 1.71, 38.20, 336.50, 64.20, 0.70, 24.00, 4.50, 16, 4.12, 6.29
11.60, 65.10, 19.10, -3.07, 20.60, 5.40, 1.59, 0.76, 20.60, 22.60, 35.40, 1.47, 0.82, 12.40, 5.29, 1.47, 36.10, 353.30, 57.80, 4.00, 279.00, 4.50, 17, 4.12, 6.29
12.60, 63.10, 20.20, -2.15, 21.10, 5.10, 1.18, 0.59, 18.50, 21.40, 33.50, 1.71, 0.59, 10.90, 5.71, 1.47, 33.00, 324.30, 54.80, 14.80, 274.00, 5.50, 18, 4.12, 6.29
13.60, 61.70, 19.50, -4.45, 22.60, 5.50, 1.29, 0.35, 19.50, 22.10, 32.70, 1.35, 0.94, 11.90, 4.82, 1.29, 41.00, 341.10, 78.80, 9.80, 199.00, 4.50, 1, 5.25, 7.31
13.40, 63.30, 20.90, -9.39, 25.10, 6.20, 1.29, 0.59, 22.20, 20.80, 32.90, 1.53, 0.71, 12.30, 6.06, 1.94, 41.20, 392.40, 70.00, 0.00, 0.00, 4.50, 2, 5.25, 7.31
14.40, 64.90, 21.20, -3.06, 22.00, 5.40, 1.00, 0.41, 20.40, 22.50, 34.10, 1.47, 0.59, 11.40, 6.18, 1.59, 34.20, 350.20, 62.20, 2.70, 137.00, 4.50, 3, 5.25, 7.31
12.60, 63.40, 21.20, -7.37, 21.80, 5.60, 1.12, 0.76, 21.80, 20.50, 33.40, 1.24, 0.35, 11.80, 6.53, 2.12, 39.80, 358.20, 64.80, 0.10, 352.00, 4.50, 4, 5.25, 7.31
10.60, 62.30, 17.90, -1.25, 20.10, 5.40, 1.50, 0.69, 18.40, 20.60, 34.90, 1.06, 0.81, 10.80, 6.25, 1.25, 36.40, 335.70, 56.00, 11.80, 346.00, 4.50, 6, 5.25, 7.31
12.40, 63.20, 19.20, -4.81, 26.40, 5.50, 1.18, 0.53, 21.40, 24.40, 34.90, 1.71, 0.65, 12.80, 5.53, 1.24, 41.60, 348.90, 56.20, 4.70, 341.00, 5.50, 7, 5.25, 7.31
9.94, 61.20, 16.70, -3.41, 22.40, 5.40, 1.18, 0.53, 19.40, 18.50, 30.50, 1.18, 0.65, 9.76, 5.18, 2.00, 38.50, 331.20, 53.10, 7.50, 338.00, 3.50, 8, 5.25, 7.31
13.50, 61.60, 20.80, -1.90, 18.50, 5.30, 1.47, 0.65, 19.00, 23.20, 34.90, 1.18, 0.82, 12.10, 4.65, 1.53, 35.80, 324.30, 72.40, 8.90, 293.00, 4.50, 9, 5.25, 7.31
11.00, 58.70, 18.00, 0.43, 20.20, 5.20, 1.06, 0.53, 16.80, 18.10, 30.20, 1.53, 0.53, 9.12, 5.00, 1.71, 31.50, 304.60, 51.60, 0.70, 3.00, 4.50, 10, 5.25, 7.31
13.60, 61.70, 19.50, -4.45, 22.60, 5.50, 1.29, 0.35, 19.50, 22.10, 32.70, 1.35, 0.94, 11.90, 4.82, 1.29, 41.00, 341.10, 70.00, 0.00, 0.00, 4.50, 11, 5.25, 7.31
13.00, 60.40, 19.70, 3.31, 16.30, 5.00, 1.76, 0.59, 17.10, 22.90, 34.90, 1.18, 1.18, 11.10, 5.65, 1.53, 25.70, 300.60, 41.60, 2.90, 37.00, 4.50, 12, 5.25, 7.31
12.00, 64.80, 19.10, 1.87, 20.10, 5.10, 1.94, 1.00, 19.20, 20.30, 32.40, 1.35, 0.94, 10.20, 5.76, 2.00, 33.50, 330.20, 70.00, 0.00, 0.00, 4.50, 13, 5.25, 7.31
13.00, 60.40, 19.70, 3.31, 16.30, 5.00, 1.76, 0.59, 17.10, 22.90, 34.90, 1.18, 1.18, 11.10, 5.65, 1.53, 25.70, 300.60, 60.10, 6.50, 328.00, 4.50, 14, 5.25, 7.31
10.80, 63.10, 18.00, 1.22, 20.20, 4.80, 1.59, 0.59, 19.10, 20.60, 32.70, 1.29, 1.00, 10.90, 5.59, 1.41, 32.40, 301.50, 47.20, 0.80, 34.00, 4.50, 15, 5.25, 7.31
14.50, 64.70, 22.10, -3.07, 21.10, 5.40, 1.18, 0.35, 19.90, 25.80, 39.50, 1.71, 0.82, 12.60, 6.76, 1.82, 33.90, 351.60, 67.10, 13.00, 170.00, 4.50, 16, 5.25, 7.31
10.70, 60.20, 18.50, -2.77, 20.40, 5.50, 1.35, 0.18, 18.50, 19.50, 31.90, 1.71, 1.18, 11.50, 5.65, 1.35, 37.30, 330.40, 50.10, 1.30, 36.00, 4.50, 17, 5.25, 7.31
12.40, 63.20, 19.20, -4.81, 26.40, 5.50, 1.18, 0.53, 21.40, 24.40, 34.90, 1.71, 0.65, 12.80, 5.53, 1.24, 41.60, 348.90, 70.00, 0.00, 0.00, 4.50, 18, 5.25, 7.31
11.60, 64.20, 17.60, -3.00, 25.10, 5.20, 1.24, 0.65, 20.20, 21.50, 31.60, 1.47, 0.59, 10.80, 5.24, 1.94, 36.00, 334.00, 70.00, 0.00, 0.00, 4.50, 1, 4.94, 7.82
13.10, 64.30, 20.20, -3.86, 21.70, 5.10, 1.18, 0.53, 19.80, 24.00, 36.40, 1.94, 0.65, 12.20, 5.76, 1.65, 35.90, 328.20, 98.50, 7.30, 170.00, 4.50, 2, 4.94, 7.82
10.30, 66.70, 16.00, -4.73, 24.70, 5.70, 1.59, 0.65, 21.90, 19.80, 30.70, 0.88, 0.94, 11.50, 5.59, 1.53, 35.20, 379.50, 87.80, 5.40, 73.00, 4.50, 3, 4.94, 7.82
12.50, 63.60, 19.30, -7.26, 22.70, 5.70, 1.00, 0.41, 20.60, 21.90, 33.00, 1.53, 0.59, 11.80, 5.88, 0.88, 43.50, 362.10, 71.40, 8.10, 221.00, 4.50, 4, 4.94, 7.82
12.60, 62.30, 20.30, 0.28, 17.90, 5.10, 1.69, 0.63, 19.60, 22.60, 35.60, 1.31, 1.06, 11.30, 5.56, 1.81, 31.00, 319.10, 76.10, 8.60, 246.00, 4.50, 5, 4.94, 7.82
11.60, 64.20, 17.60, -3.00, 25.10, 5.20, 1.24, 0.65, 20.20, 21.50, 31.60, 1.47, 0.59, 10.80, 5.24, 1.94, 36.00, 334.00, 74.70, 12.90, 289.00, 5.50, 6, 4.94, 7.82
11.40, 63.30, 18.10, -1.80, 20.30, 5.00, 0.82, 0.41, 18.80, 18.90, 31.50, 1.00, 0.41, 9.35, 5.41, 2.24, 34.80, 314.80, 70.00, 0.00, 0.00, 4.50, 7, 4.94, 7.82
10.70, 60.20, 18.50, -2.77, 20.40, 5.50, 1.35, 0.18, 18.50, 19.50, 31.90, 1.71, 1.18, 11.50, 5.65, 1.35, 37.30, 330.40, 55.00, 6.30, 341.00, 4.50, 8, 4.94, 7.82
13.00, 60.40, 19.70, 3.31, 16.30, 5.00, 1.76, 0.59, 17.10, 22.90, 34.90, 1.18, 1.18, 11.10, 5.65, 1.53, 25.70, 300.60, 61.10, 8.90, 18.00, 4.50, 10, 4.94, 7.82
14.50, 64.70, 22.10, -3.07, 21.10, 5.40, 1.18, 0.35, 19.90, 25.80, 39.50, 1.71, 0.82, 12.60, 6.76, 1.82, 33.90, 351.60, 76.40, 8.40, 16.00, 5.50, 11, 4.94, 7.82
10.30, 66.70, 16.00, -4.73, 24.70, 5.70, 1.59, 0.65, 21.90, 19.80, 30.70, 0.88, 0.94, 11.50, 5.59, 1.53, 35.20, 379.50, 70.00, 0.00, 0.00, 5.50, 12, 4.94, 7.82
10.60, 62.30, 17.90, -1.25, 20.10, 5.40, 1.50, 0.69, 18.40, 20.60, 34.90, 1.06, 0.81, 10.80, 6.25, 1.25, 36.40, 335.70, 62.10, 6.40, 242.00, 4.50, 13, 4.94, 7.82
14.70, 65.80, 22.20, -6.12, 25.10, 5.90, 1.47, 0.59, 21.10, 24.00, 36.30, 1.35, 0.88, 13.20, 6.53, 1.29, 41.10, 388.70, 70.00, 0.00, 0.00, 5.50, 1, 6.93, 9.47
10.80, 61.40, 16.40, -9.95, 27.20, 6.10, 1.35, 0.53, 21.20, 19.00, 28.30, 1.29, 0.82, 10.80, 4.94, 1.53, 41.80, 375.90, 102.90, 11.70, 264.00, 5.50, 2, 6.93, 9.47
10.80, 63.10, 18.00, 1.22, 20.20, 4.80, 1.59, 0.59, 19.10, 20.60, 32.70, 1.29, 1.00, 10.90, 5.59, 1.41, 32.40, 301.50, 86.40, 6.70, 138.00, 5.50, 3, 6.93, 9.47
11.40, 63.30, 18.10, -1.80, 20.30, 5.00, 0.82, 0.41, 18.80, 18.90, 31.50, 1.00, 0.41, 9.35, 5.41, 2.24, 34.80, 314.80, 70.00, 0.00, 0.00, 5.50, 4, 6.93, 9.47
13.40, 63.30, 20.90, -9.39, 25.10, 6.20, 1.29, 0.59, 22.20, 20.80, 32.90, 1.53, 0.71, 12.30, 6.06, 1.94, 41.20, 392.40, 74.90, 12.60, 310.00, 5.50, 6, 6.93, 9.47
12.50, 63.60, 19.30, -7.26, 22.70, 5.70, 1.00, 0.41, 20.60, 21.90, 33.00, 1.53, 0.59, 11.80, 5.88, 0.88, 43.50, 362.10, 81.40, 7.70, 242.00, 5.50, 7, 6.93, 9.47
12.60, 62.30, 20.30, 0.28, 17.90, 5.10, 1.69, 0.63, 19.60, 22.60, 35.60, 1.31, 1.06, 11.30, 5.56, 1.81, 31.00, 319.10, 67.10, 11.20, 210.00, 5.50, 8, 6.93, 9.47
10.30, 66.70, 16.00, -4.73, 24.70, 5.70, 1.59, 0.65, 21.90, 19.80, 30.70, 0.88, 0.94, 11.50, 5.59, 1.53, 35.20, 379.50, 70.00, 0.00, 0.00, 5.50, 9, 6.93, 9.47
14.50, 64.70, 22.10, -3.07, 21.10, 5.40, 1.18, 0.35, 19.90, 25.80, 39.50, 1.71, 0.82, 12.60, 6.76, 1.82, 33.90, 351.60, 90.50, 7.70, 225.00, 5.50, 10, 6.93, 9.47
13.00, 60.40, 19.70, 3.31, 16.30, 5.00, 1.76, 0.59, 17.10, 22.90, 34.90, 1.18, 1.18, 11.10, 5.65, 1.53, 25.70, 300.60, 62.60, 10.90, 323.00, 4.50, 11, 6.93, 9.47
11.60, 64.20, 17.60, -3.00, 25.10, 5.20, 1.24, 0.65, 20.20, 21.50, 31.60, 1.47, 0.59, 10.80, 5.24, 1.94, 36.00, 334.00, 70.00, 0.00, 0.00, 5.50, 12, 6.93, 9.47
14.40, 64.90, 21.20, -3.06, 22.00, 5.40, 1.00, 0.41, 20.40, 22.50, 34.10, 1.47, 0.59, 11.40, 6.18, 1.59, 34.20, 350.20, 72.80, 7.00, 2.00, 4.50, 13, 6.93, 9.47
12.50, 63.60, 19.30, -7.26, 22.70, 5.70, 1.00, 0.41, 20.60, 21.90, 33.00, 1.53, 0.59, 11.80, 5.88, 0.88, 43.50, 362.10, 70.00, 0.00, 0.00, 4.50, 14, 6.93, 9.47
11.00, 58.30, 16.60, -3.76, 21.80, 5.80, 1.41, 0.41, 18.90, 18.50, 28.10, 1.29, 1.00, 9.59, 5.88, 1.71, 38.20, 336.50, 34.30, 11.30, 270.00, 4.50, 15, 6.93, 9.47
11.60, 65.10, 19.10, -3.07, 20.60, 5.40, 1.59, 0.76, 20.60, 22.60, 35.40, 1.47, 0.82, 12.40, 5.29, 1.47, 36.10, 353.30, 72.10, 9.30, 90.00, 5.50, 16, 6.93, 9.47
11.40, 63.30, 18.10, -1.80, 20.30, 5.00, 0.82, 0.41, 18.80, 18.90, 31.50, 1.00, 0.41, 9.35, 5.41, 2.24, 34.80, 314.80, 65.20, 4.80, 183.00, 5.50, 17, 6.93, 9.47
14.40, 64.90, 21.20, -3.06, 22.00, 5.40, 1.00, 0.41, 20.40, 22.50, 34.10, 1.47, 0.59, 11.40, 6.18, 1.59, 34.20, 350.20, 54.80, 14.80, 274.00, 4.50, 18, 6.93, 9.47
14.70, 65.80, 22.20, -6.12, 25.10, 5.90, 1.47, 0.59, 21.10, 24.00, 36.30, 1.35, 0.88, 13.20, 6.53, 1.29, 41.10, 388.70, 70.00, 0.00, 0.00, 3.50, 1, 5.13, 8.47
10.80, 61.40, 16.40, -9.95, 27.20, 6.10, 1.35, 0.53, 21.20, 19.00, 28.30, 1.29, 0.82, 10.80, 4.94, 1.53, 41.80, 375.90, 102.90, 11.70, 264.00, 4.50, 2, 5.13, 8.47
10.80, 63.10, 18.00, 1.22, 20.20, 4.80, 1.59, 0.59, 19.10, 20.60, 32.70, 1.29, 1.00, 10.90, 5.59, 1.41, 32.40, 301.50, 86.40, 6.70, 138.00, 4.50, 3, 5.13, 8.47
11.40, 63.30, 18.10, -1.80, 20.30, 5.00, 0.82, 0.41, 18.80, 18.90, 31.50, 1.00, 0.41, 9.35, 5.41, 2.24, 34.80, 314.80, 70.00, 0.00, 0.00, 4.50, 4, 5.13, 8.47
13.40, 63.30, 20.90, -9.39, 25.10, 6.20, 1.29, 0.59, 22.20, 20.80, 32.90, 1.53, 0.71, 12.30, 6.06, 1.94, 41.20, 392.40, 74.90, 12.60, 310.00, 4.50, 6, 5.13, 8.47
12.50, 63.60, 19.30, -7.26, 22.70, 5.70, 1.00, 0.41, 20.60, 21.90, 33.00, 1.53, 0.59, 11.80, 5.88, 0.88, 43.50, 362.10, 81.40, 7.70, 242.00, 4.50, 7, 5.13, 8.47
12.60, 62.30, 20.30, 0.28, 17.90, 5.10, 1.69, 0.63, 19.60, 22.60, 35.60, 1.31, 1.06, 11.30, 5.56, 1.81, 31.00, 319.10, 67.10, 11.20, 210.00, 4.50, 8, 5.13, 8.47
10.30, 66.70, 16.00, -4.73, 24.70, 5.70, 1.59, 0.65, 21.90, 19.80, 30.70, 0.88, 0.94, 11.50, 5.59, 1.53, 35.20, 379.50, 70.00, 0.00, 0.00, 4.50, 9, 5.13, 8.47
14.50, 64.70, 22.10, -3.07, 21.10, 5.40, 1.18, 0.35, 19.90, 25.80, 39.50, 1.71, 0.82, 12.60, 6.76, 1.82, 33.90, 351.60, 90.50, 7.70, 225.00, 4.50, 10, 5.13, 8.47
13.00, 60.40, 19.70, 3.31, 16.30, 5.00, 1.76, 0.59, 17.10, 22.90, 34.90, 1.18, 1.18, 11.10, 5.65, 1.53, 25.70, 300.60, 62.60, 10.90, 323.00, 4.50, 11, 5.13, 8.47
11.60, 64.20, 17.60, -3.00, 25.10, 5.20, 1.24, 0.65, 20.20, 21.50, 31.60, 1.47, 0.59, 10.80, 5.24, 1.94, 36.00, 334.00, 70.00, 0.00, 0.00, 4.50, 12, 5.13, 8.47
14.40, 64.90, 21.20, -3.06, 22.00, 5.40, 1.00, 0.41, 20.40, 22.50, 34.10, 1.47, 0.59, 11.40, 6.18, 1.59, 34.20, 350.20, 72.80, 7.00, 2.00, 4.50, 13, 5.13, 8.47
12.50, 63.60, 19.30, -7.26, 22.70, 5.70, 1.00, 0.41, 20.60, 21.90, 33.00, 1.53, 0.59, 11.80, 5.88, 0.88, 43.50, 362.10, 70.00, 0.00, 0.00, 5.50, 14, 5.13, 8.47
11.00, 58.30, 16.60, -3.76, 21.80, 5.80, 1.41, 0.41, 18.90, 18.50, 28.10, 1.29, 1.00, 9.59, 5.88, 1.71, 38.20, 336.50, 34.30, 11.30, 270.00, 5.50, 15, 5.13, 8.47
11.60, 65.10, 19.10, -3.07, 20.60, 5.40, 1.59, 0.76, 20.60, 22.60, 35.40, 1.47, 0.82, 12.40, 5.29, 1.47, 36.10, 353.30, 72.10, 9.30, 90.00, 4.50, 16, 5.13, 8.47
11.40, 63.30, 18.10, -1.80, 20.30, 5.00, 0.82, 0.41, 18.80, 18.90, 31.50, 1.00, 0.41, 9.35, 5.41, 2.24, 34.80, 314.80, 65.20, 4.80, 183.00, 4.50, 17, 5.13, 8.47
14.40, 64.90, 21.20, -3.06, 22.00, 5.40, 1.00, 0.41, 20.40, 22.50, 34.10, 1.47, 0.59, 11.40, 6.18, 1.59, 34.20, 350.20, 54.80, 14.80, 274.00, 4.50, 18, 5.13, 8.47
12.20, 64.20, 19.80, 3.26, 20.40, 5.00, 1.76, 0.65, 18.50, 21.40, 35.10, 1.65, 1.12, 11.40, 5.24, 1.76, 30.50, 322.00, 72.60, 6.70, 36.00, 4.50, 1, 5.59, 8.00
14.70, 65.80, 22.20, -6.12, 25.10, 5.90, 1.47, 0.59, 21.10, 24.00, 36.30, 1.35, 0.88, 13.20, 6.53, 1.29, 41.10, 388.70, 67.70, 14.30, 9.00, 5.50, 2, 5.59, 8.00
12.60, 63.10, 20.20, -2.15, 21.10, 5.10, 1.18, 0.59, 18.50, 21.40, 33.50, 1.71, 0.59, 10.90, 5.71, 1.47, 33.00, 324.30, 86.40, 6.70, 138.00, 5.50, 3, 5.59, 8.00
11.00, 58.70, 18.00, 0.43, 20.20, 5.20, 1.06, 0.53, 16.80, 18.10, 30.20, 1.53, 0.53, 9.12, 5.00, 1.71, 31.50, 304.60, 79.00, 10.50, 20.00, 4.50, 4, 5.59, 8.00
13.60, 61.70, 19.50, -4.45, 22.60, 5.50, 1.29, 0.35, 19.50, 22.10, 32.70, 1.35, 0.94, 11.90, 4.82, 1.29, 41.00, 341.10, 70.00, 0.00, 0.00, 4.50, 5, 5.59, 8.00
9.88, 64.30, 16.60, 1.53, 18.60, 4.80, 0.94, 0.24, 18.20, 20.40, 32.70, 0.88, 0.71, 9.76, 5.29, 1.59, 32.30, 311.10, 56.90, 10.80, 307.00, 4.50, 6, 5.59, 8.00
13.20, 63.90, 21.10, -3.91, 23.50, 5.30, 0.82, 0.35, 19.80, 24.50, 36.70, 1.59, 0.47, 11.80, 4.94, 2.24, 37.50, 337.80, 53.00, 8.10, 282.00, 5.50, 7, 5.59, 8.00
11.00, 58.70, 18.00, 0.43, 20.20, 5.20, 1.06, 0.53, 16.80, 18.10, 30.20, 1.53, 0.53, 9.12, 5.00, 1.71, 31.50, 304.60, 75.80, 6.00, 17.00, 4.50, 8, 5.59, 8.00
12.00, 64.80, 19.10, 1.87, 20.10, 5.10, 1.94, 1.00, 19.20, 20.30, 32.40, 1.35, 0.94, 10.20, 5.76, 2.00, 33.50, 330.20, 64.50, 5.80, 358.00, 4.50, 9, 5.59, 8.00
13.10, 64.30, 20.20, -3.86, 21.70, 5.10, 1.18, 0.53, 19.80, 24.00, 36.40, 1.94, 0.65, 12.20, 5.76, 1.65, 35.90, 328.20, 38.80, 12.30, 19.00, 4.50, 11, 5.59, 8.00
12.60, 62.30, 20.30, 0.28, 17.90, 5.10, 1.69, 0.63, 19.60, 22.60, 35.60, 1.31, 1.06, 11.30, 5.56, 1.81, 31.00, 319.10, 41.20, 6.80, 58.00, 4.50, 12, 5.59, 8.00
13.00, 60.40, 19.70, 3.31, 16.30, 5.00, 1.76, 0.59, 17.10, 22.90, 34.90, 1.18, 1.18, 11.10, 5.65, 1.53, 25.70, 300.60, 52.10, 4.70, 42.00, 4.50, 13, 5.59, 8.00
12.00, 64.80, 19.10, 1.87, 20.10, 5.10, 1.94, 1.00, 19.20, 20.30, 32.40, 1.35, 0.94, 10.20, 5.76, 2.00, 33.50, 330.20, 70.00, 0.00, 0.00, 4.50, 14, 5.59, 8.00
10.10, 65.70, 17.00, -6.66, 23.60, 5.50, 1.47, 0.65, 20.40, 20.20, 32.20, 1.35, 0.82, 11.10, 5.76, 1.71, 37.20, 361.70, 47.20, 0.80, 34.00, 4.50, 15, 5.59, 8.00
12.60, 63.40, 21.20, -7.37, 21.80, 5.60, 1.12, 0.76, 21.80, 20.50, 33.40, 1.24, 0.35, 11.80, 6.53, 2.12, 39.80, 358.20, 48.90, 0.20, 14.00, 4.50, 16, 5.59, 8.00
12.40, 63.20, 19.20, -4.81, 26.40, 5.50, 1.18, 0.53, 21.40, 24.40, 34.90, 1.71, 0.65, 12.80, 5.53, 1.24, 41.60, 348.90, 40.00, 9.10, 281.00, 4.50, 17, 5.59, 8.00
10.60, 62.30, 17.90, -1.25, 20.10, 5.40, 1.50, 0.69, 18.40, 20.60, 34.90, 1.06, 0.81, 10.80, 6.25, 1.25, 36.40, 335.70, 66.80, 6.50, 291.00, 4.50, 1, 4.59, 7.76
14.50, 64.70, 22.10, -3.07, 21.10, 5.40, 1.18, 0.35, 19.90, 25.80, 39.50, 1.71, 0.82, 12.60, 6.76, 1.82, 33.90, 351.60, 69.10, 12.70, 40.00, 4.50, 3, 4.59, 7.76
13.50, 61.60, 20.80, -1.90, 18.50, 5.30, 1.47, 0.65, 19.00, 23.20, 34.90, 1.18, 0.82, 12.10, 4.65, 1.53, 35.80, 324.30, 73.20, 7.90, 360.00, 4.50, 4, 4.59, 7.76
13.00, 60.40, 19.70, 3.31, 16.30, 5.00, 1.76, 0.59, 17.10, 22.90, 34.90, 1.18, 1.18, 11.10, 5.65, 1.53, 25.70, 300.60, 55.10, 17.20, 310.00, 3.50, 6, 4.59, 7.76
11.60, 64.20, 17.60, -3.00, 25.10, 5.20, 1.24, 0.65, 20.20, 21.50, 31.60, 1.47, 0.59, 10.80, 5.24, 1.94, 36.00, 334.00, 70.00, 0.00, 0.00, 4.50, 7, 4.59, 7.76
10.10, 65.70, 17.00, -6.66, 23.60, 5.50, 1.47, 0.65, 20.40, 20.20, 32.20, 1.35, 0.82, 11.10, 5.76, 1.71, 37.20, 361.70, 53.10, 7.50, 338.00, 4.50, 8, 4.59, 7.76
12.40, 63.20, 19.20, -4.81, 26.40, 5.50, 1.18, 0.53, 21.40, 24.40, 34.90, 1.71, 0.65, 12.80, 5.53, 1.24, 41.60, 348.90, 56.00, 7.00, 301.00, 4.50, 9, 4.59, 7.76
13.50, 61.60, 20.80, -1.90, 18.50, 5.30, 1.47, 0.65, 19.00, 23.20, 34.90, 1.18, 0.82, 12.10, 4.65, 1.53, 35.80, 324.30, 50.80, 7.40, 359.00, 4.50, 10, 4.59, 7.76
10.70, 60.20, 18.50, -2.77, 20.40, 5.50, 1.35, 0.18, 18.50, 19.50, 31.90, 1.71, 1.18, 11.50, 5.65, 1.35, 37.30, 330.40, 50.00, 8.10, 281.00, 3.50, 11, 4.59, 7.76
11.70, 63.50, 18.80, 0.43, 21.10, 5.00, 1.35, 0.47, 19.10, 23.10, 35.60, 1.18, 0.88, 10.60, 6.24, 2.06, 35.90, 320.00, 33.90, 8.40, 72.00, 3.50, 12, 4.59, 7.76
13.60, 61.70, 19.50, -4.45, 22.60, 5.50, 1.29, 0.35, 19.50, 22.10, 32.70, 1.35, 0.94, 11.90, 4.82, 1.29, 41.00, 341.10, 70.00, 0.00, 0.00, 3.50, 13, 4.59, 7.76
11.60, 65.10, 19.10, -3.07, 20.60, 5.40, 1.59, 0.76, 20.60, 22.60, 35.40, 1.47, 0.82, 12.40, 5.29, 1.47, 36.10, 353.30, 34.30, 11.40, 250.00, 3.50, 14, 4.59, 7.76
10.80, 61.40, 16.40, -9.95, 27.20, 6.10, 1.35, 0.53, 21.20, 19.00, 28.30, 1.29, 0.82, 10.80, 4.94, 1.53, 41.80, 375.90, 38.60, 19.60, 160.00, 4.50, 15, 4.59, 7.76
10.30, 66.70, 16.00, -4.73, 24.70, 5.70, 1.59, 0.65, 21.90, 19.80, 30.70, 0.88, 0.94, 11.50, 5.59, 1.53, 35.20, 379.50, 70.00, 0.00, 0.00, 4.50, 16, 4.59, 7.76
11.40, 63.30, 18.10, -1.80, 20.30, 5.00, 0.82, 0.41, 18.80, 18.90, 31.50, 1.00, 0.41, 9.35, 5.41, 2.24, 34.80, 314.80, 70.00, 0.00, 0.00, 4.50, 1, 7.11, 10.67
10.70, 58.90, 17.40, -4.97, 22.60, 5.90, 1.41, 0.59, 18.70, 18.20, 29.70, 1.41, 0.82, 10.30, 4.71, 1.41, 37.20, 346.10, 74.90, 4.00, 310.00, 5.50, 2, 7.11, 10.67
9.94, 61.20, 16.70, -3.41, 22.40, 5.40, 1.18, 0.53, 19.40, 18.50, 30.50, 1.18, 0.65, 9.76, 5.18, 2.00, 38.50, 331.20, 69.10, 12.70, 40.00, 3.50, 3, 7.11, 10.67
10.60, 62.30, 17.90, -1.25, 20.10, 5.40, 1.50, 0.69, 18.40, 20.60, 34.90, 1.06, 0.81, 10.80, 6.25, 1.25, 36.40, 335.70, 85.90, 4.20, 29.00, 4.50, 4, 7.11, 10.67
11.60, 64.20, 17.60, -3.00, 25.10, 5.20, 1.24, 0.65, 20.20, 21.50, 31.60, 1.47, 0.59, 10.80, 5.24, 1.94, 36.00, 334.00, 70.00, 0.00, 0.00, 4.50, 5, 7.11, 10.67
13.50, 61.60, 20.80, -1.90, 18.50, 5.30, 1.47, 0.65, 19.00, 23.20, 34.90, 1.18, 0.82, 12.10, 4.65, 1.53, 35.80, 324.30, 51.30, 7.40, 360.00, 5.50, 6, 7.11, 10.67
12.50, 63.60, 19.30, -7.26, 22.70, 5.70, 1.00, 0.41, 20.60, 21.90, 33.00, 1.53, 0.59, 11.80, 5.88, 0.88, 43.50, 362.10, 77.90, 7.50, 209.00, 3.50, 8, 7.11, 10.67
10.70, 60.20, 18.50, -2.77, 20.40, 5.50, 1.35, 0.18, 18.50, 19.50, 31.90, 1.71, 1.18, 11.50, 5.65, 1.35, 37.30, 330.40, 35.30, 6.30, 172.00, 3.50, 9, 7.11, 10.67
12.60, 63.10, 20.20, -2.15, 21.10, 5.10, 1.18, 0.59, 18.50, 21.40, 33.50, 1.71, 0.59, 10.90, 5.71, 1.47, 33.00, 324.30, 90.50, 7.70, 225.00, 4.50, 10, 7.11, 10.67
11.60, 65.10, 19.10, -3.07, 20.60, 5.40, 1.59, 0.76, 20.60, 22.60, 35.40, 1.47, 0.82, 12.40, 5.29, 1.47, 36.10, 353.30, 76.40, 8.40, 16.00, 4.50, 11, 7.11, 10.67
14.40, 64.90, 21.20, -3.06, 22.00, 5.40, 1.00, 0.41, 20.40, 22.50, 34.10, 1.47, 0.59, 11.40, 6.18, 1.59, 34.20, 350.20, 52.50, 10.20, 221.00, 4.50, 12, 7.11, 10.67
11.60, 64.20, 17.60, -3.00, 25.10, 5.20, 1.24, 0.65, 20.20, 21.50, 31.60, 1.47, 0.59, 10.80, 5.24, 1.94, 36.00, 334.00, 55.90, 10.30, 296.00, 4.50, 13, 7.11, 10.67
13.20, 63.90, 21.10, -3.91, 23.50, 5.30, 0.82, 0.35, 19.80, 24.50, 36.70, 1.59, 0.47, 11.80, 4.94, 2.24, 37.50, 337.80, 61.30, 10.70, 342.00, 4.50, 14, 7.11, 10.67
10.30, 66.70, 16.00, -4.73, 24.70, 5.70, 1.59, 0.65, 21.90, 19.80, 30.70, 0.88, 0.94, 11.50, 5.59, 1.53, 35.20, 379.50, 50.70, 10.20, 319.00, 4.50, 15, 7.11, 10.67
10.10, 65.70, 17.00, -6.66, 23.60, 5.50, 1.47, 0.65, 20.40, 20.20, 32.20, 1.35, 0.82, 11.10, 5.76, 1.71, 37.20, 361.70, 67.10, 13.00, 170.00, 5.50, 16, 7.11, 10.67
10.30, 66.70, 16.00, -4.73, 24.70, 5.70, 1.59, 0.65, 21.90, 19.80, 30.70, 0.88, 0.94, 11.50, 5.59, 1.53, 35.20, 379.50, 70.00, 0.00, 0.00, 4.50, 17, 7.11, 10.67
11.60, 65.10, 19.10, -3.07, 20.60, 5.40, 1.59, 0.76, 20.60, 22.60, 35.40, 1.47, 0.82, 12.40, 5.29, 1.47, 36.10, 353.30, 38.90, 9.10, 283.00, 6.50, 18, 7.11, 10.67
12.60, 63.10, 20.20, -2.15, 21.10, 5.10, 1.18, 0.59, 18.50, 21.40, 33.50, 1.71, 0.59, 10.90, 5.71, 1.47, 33.00, 324.30, 70.00, 0.00, 0.00, 7.50, 1, 7.53, 10.82
10.80, 63.10, 18.00, 1.22, 20.20, 4.80, 1.59, 0.59, 19.10, 20.60, 32.70, 1.29, 1.00, 10.90, 5.59, 1.41, 32.40, 301.50, 67.70, 14.30, 9.00, 7.50, 2, 7.53, 10.82
10.70, 58.90, 17.40, -4.97, 22.60, 5.90, 1.41, 0.59, 18.70, 18.20, 29.70, 1.41, 0.82, 10.30, 4.71, 1.41, 37.20, 346.10, 70.00, 0.00, 0.00, 7.50, 3, 7.53, 10.82
14.40, 64.90, 21.20, -3.06, 22.00, 5.40, 1.00, 0.41, 20.40, 22.50, 34.10, 1.47, 0.59, 11.40, 6.18, 1.59, 34.20, 350.20, 80.00, 8.20, 37.00, 6.50, 4, 7.53, 10.82
13.10, 64.30, 20.20, -3.86, 21.70, 5.10, 1.18, 0.53, 19.80, 24.00, 36.40, 1.94, 0.65, 12.20, 5.76, 1.65, 35.90, 328.20, 70.00, 0.00, 0.00, 7.50, 5, 7.53, 10.82
12.20, 63.40, 18.50, -7.77, 24.60, 5.80, 0.76, 0.41, 21.20, 23.50, 34.70, 1.47, 0.35, 12.10, 5.47, 1.65, 40.80, 365.60, 70.00, 0.00, 0.00, 6.50, 14, 7.53, 10.82
10.60, 62.30, 17.90, -1.25, 20.10, 5.40, 1.50, 0.69, 18.40, 20.60, 34.90, 1.06, 0.81, 10.80, 6.25, 1.25, 36.40, 335.70, 52.40, 5.30, 243.00, 5.50, 15, 7.53, 10.82
13.40, 63.30, 20.90, -9.39, 25.10, 6.20, 1.29, 0.59, 22.20, 20.80, 32.90, 1.53, 0.71, 12.30, 6.06, 1.94, 41.20, 392.40, 70.00, 0.00, 0.00, 6.50, 16, 7.53, 10.82
11.00, 58.30, 16.60, -3.76, 21.80, 5.80, 1.41, 0.41, 18.90, 18.50, 28.10, 1.29, 1.00, 9.59, 5.88, 1.71, 38.20, 336.50, 70.00, 0.00, 0.00, 6.50, 17, 7.53, 10.82
13.40, 63.30, 20.90, -9.39, 25.10, 6.20, 1.29, 0.59, 22.20, 20.80, 32.90, 1.53, 0.71, 12.30, 6.06, 1.94, 41.20, 392.40, 70.00, 0.00, 0.00, 6.50, 18, 7.53, 10.82
13.10, 64.30, 20.20, -3.86, 21.70, 5.10, 1.18, 0.53, 19.80, 24.00, 36.40, 1.94, 0.65, 12.20, 5.76, 1.65, 35.90, 328.20, 76.00, 6.80, 72.00, 6.50, 1, 6.63, 9.13
10.10, 65.70, 17.00, -6.66, 23.60, 5.50, 1.47, 0.65, 20.40, 20.20, 32.20, 1.35, 0.82, 11.10, 5.76, 1.71, 37.20, 361.70, 70.00, 0.00, 0.00, 6.50, 2, 6.63, 9.13
12.50, 63.60, 19.30, -7.26, 22.70, 5.70, 1.00, 0.41, 20.60, 21.90, 33.00, 1.53, 0.59, 11.80, 5.88, 0.88, 43.50, 362.10, 70.00, 0.00, 0.00, 6.50, 3, 6.63, 9.13
11.00, 58.30, 16.60, -3.76, 21.80, 5.80, 1.41, 0.41, 18.90, 18.50, 28.10, 1.29, 1.00, 9.59, 5.88, 1.71, 38.20, 336.50, 57.80, 0.00, 0.00, 6.50, 4, 6.63, 9.13
12.60, 63.10, 20.20, -2.15, 21.10, 5.10, 1.18, 0.59, 18.50, 21.40, 33.50, 1.71, 0.59, 10.90, 5.71, 1.47, 33.00, 324.30, 74.90, 12.60, 310.00, 5.50, 6, 6.63, 9.13
13.50, 61.60, 20.80, -1.90, 18.50, 5.30, 1.47, 0.65, 19.00, 23.20, 34.90, 1.18, 0.82, 12.10, 4.65, 1.53, 35.80, 324.30, 62.50, 18.50, 307.00, 6.50, 7, 6.63, 9.13
12.20, 63.40, 18.50, -7.77, 24.60, 5.80, 0.76, 0.41, 21.20, 23.50, 34.70, 1.47, 0.35, 12.10, 5.47, 1.65, 40.80, 365.60, 70.00, 0.00, 0.00, 7.50, 8, 6.63, 9.13
10.70, 58.90, 17.40, -4.97, 22.60, 5.90, 1.41, 0.59, 18.70, 18.20, 29.70, 1.41, 0.82, 10.30, 4.71, 1.41, 37.20, 346.10, 70.00, 0.00, 0.00, 7.50, 10, 6.63, 9.13
10.80, 61.40, 16.40, -9.95, 27.20, 6.10, 1.35, 0.53, 21.20, 19.00, 28.30, 1.29, 0.82, 10.80, 4.94, 1.53, 41.80, 375.90, 70.00, 0.00, 0.00, 6.50, 11, 6.63, 9.13
11.00, 58.30, 16.60, -3.76, 21.80, 5.80, 1.41, 0.41, 18.90, 18.50, 28.10, 1.29, 1.00, 9.59, 5.88, 1.71, 38.20, 336.50, 70.00, 0.00, 0.00, 6.50, 12, 6.63, 9.13
11.40, 63.30, 18.10, -1.80, 20.30, 5.00, 0.82, 0.41, 18.80, 18.90, 31.50, 1.00, 0.41, 9.35, 5.41, 2.24, 34.80, 314.80, 70.00, 0.00, 0.00, 7.50, 13, 6.63, 9.13
10.80, 61.40, 16.40, -9.95, 27.20, 6.10, 1.35, 0.53, 21.20, 19.00, 28.30, 1.29, 0.82, 10.80, 4.94, 1.53, 41.80, 375.90, 28.00, 10.30, 289.00, 6.50, 14, 6.63, 9.13
11.70, 63.50, 18.80, 0.43, 21.10, 5.00, 1.35, 0.47, 19.10, 23.10, 35.60, 1.18, 0.88, 10.60, 6.24, 2.06, 35.90, 320.00, 70.00, 0.00, 0.00, 6.50, 15, 6.63, 9.13
14.70, 65.80, 22.20, -6.12, 25.10, 5.90, 1.47, 0.59, 21.10, 24.00, 36.30, 1.35, 0.88, 13.20, 6.53, 1.29, 41.10, 388.70, 70.00, 0.00, 0.00, 6.50, 16, 6.63, 9.13
12.00, 64.80, 19.10, 1.87, 20.10, 5.10, 1.94, 1.00, 19.20, 20.30, 32.40, 1.35, 0.94, 10.20, 5.76, 2.00, 33.50, 330.20, 70.00, 0.00, 0.00, 6.50, 17, 6.63, 9.13
10.80, 63.10, 18.00, 1.22, 20.20, 4.80, 1.59, 0.59, 19.10, 20.60, 32.70, 1.29, 1.00, 10.90, 5.59, 1.41, 32.40, 301.50, 70.00, 0.00, 0.00, 5.50, 5, 8.33, 10.89
12.40, 63.20, 19.20, -4.81, 26.40, 5.50, 1.18, 0.53, 21.40, 24.40, 34.90, 1.71, 0.65, 12.80, 5.53, 1.24, 41.60, 348.90, 70.00, 0.00, 0.00, 7.50, 6, 8.33, 10.89
10.70, 60.20, 18.50, -2.77, 20.40, 5.50, 1.35, 0.18, 18.50, 19.50, 31.90, 1.71, 1.18, 11.50, 5.65, 1.35, 37.30, 330.40, 70.00, 0.00, 0.00, 7.50, 7, 8.33, 10.89
12.00, 64.80, 19.10, 1.87, 20.10, 5.10, 1.94, 1.00, 19.20, 20.30, 32.40, 1.35, 0.94, 10.20, 5.76, 2.00, 33.50, 330.20, 70.00, 0.00, 0.00, 7.50, 8, 8.33, 10.89
11.00, 58.30, 16.60, -3.76, 21.80, 5.80, 1.41, 0.41, 18.90, 18.50, 28.10, 1.29, 1.00, 9.59, 5.88, 1.71, 38.20, 336.50, 51.90, 11.20, 168.00, 5.50, 9, 8.33, 10.89
10.10, 65.70, 17.00, -6.66, 23.60, 5.50, 1.47, 0.65, 20.40, 20.20, 32.20, 1.35, 0.82, 11.10, 5.76, 1.71, 37.20, 361.70, 70.00, 0.00, 0.00, 6.50, 11, 8.33, 10.89
12.40, 63.20, 19.20, -4.81, 26.40, 5.50, 1.18, 0.53, 21.40, 24.40, 34.90, 1.71, 0.65, 12.80, 5.53, 1.24, 41.60, 348.90, 70.00, 0.00, 0.00, 6.50, 12, 8.33, 10.89
9.94, 61.20, 16.70, -3.41, 22.40, 5.40, 1.18, 0.53, 19.40, 18.50, 30.50, 1.18, 0.65, 9.76, 5.18, 2.00, 38.50, 331.20, 70.00, 0.00, 0.00, 4.50, 13, 8.33, 10.89
13.50, 61.60, 20.80, -1.90, 18.50, 5.30, 1.47, 0.65, 19.00, 23.20, 34.90, 1.18, 0.82, 12.10, 4.65, 1.53, 35.80, 324.30, 56.90, 5.10, 130.00, 4.50, 14, 8.33, 10.89
11.00, 58.70, 18.00, 0.43, 20.20, 5.20, 1.06, 0.53, 16.80, 18.10, 30.20, 1.53, 0.53, 9.12, 5.00, 1.71, 31.50, 304.60, 70.00, 0.00, 0.00, 5.50, 15, 8.33, 10.89
11.40, 63.30, 18.10, -1.80, 20.30, 5.00, 0.82, 0.41, 18.80, 18.90, 31.50, 1.00, 0.41, 9.35, 5.41, 2.24, 34.80, 314.80, 70.00, 0.00, 0.00, 5.50, 16, 8.33, 10.89
12.60, 63.40, 21.20, -7.37, 21.80, 5.60, 1.12, 0.76, 21.80, 20.50, 33.40, 1.24, 0.35, 11.80, 6.53, 2.12, 39.80, 358.20, 36.60, 9.90, 284.00, 5.50, 17, 8.33, 10.89
12.40, 63.20, 19.20, -4.81, 26.40, 5.50, 1.18, 0.53, 21.40, 24.40, 34.90, 1.71, 0.65, 12.80, 5.53, 1.24, 41.60, 348.90, 78.20, 0.30, 7.00, 4.50, 1, 4.53, 7.06
11.70, 63.50, 18.80, 0.43, 21.10, 5.00, 1.35, 0.47, 19.10, 23.10, 35.60, 1.18, 0.88, 10.60, 6.24, 2.06, 35.90, 320.00, 79.10, 3.10, 7.00, 3.50, 2, 4.53, 7.06
12.60, 62.30, 20.30, 0.28, 17.90, 5.10, 1.69, 0.63, 19.60, 22.60, 35.60, 1.31, 1.06, 11.30, 5.56, 1.81, 31.00, 319.10, 65.90, 3.70, 348.00, 4.50, 3, 4.53, 7.06
10.80, 63.10, 18.00, 1.22, 20.20, 4.80, 1.59, 0.59, 19.10, 20.60, 32.70, 1.29, 1.00, 10.90, 5.59, 1.41, 32.40, 301.50, 79.00, 10.50, 20.00, 4.50, 4, 4.53, 7.06
10.80, 61.40, 16.40, -9.95, 27.20, 6.10, 1.35, 0.53, 21.20, 19.00, 28.30, 1.29, 0.82, 10.80, 4.94, 1.53, 41.80, 375.90, 67.40, 4.70, 126.00, 4.50, 5, 4.53, 7.06
12.50, 63.60, 19.30, -7.26, 22.70, 5.70, 1.00, 0.41, 20.60, 21.90, 33.00, 1.53, 0.59, 11.80, 5.88, 0.88, 43.50, 362.10, 70.00, 0.00, 0.00, 4.50, 6, 4.53, 7.06
12.60, 63.40, 21.20, -7.37, 21.80, 5.60, 1.12, 0.76, 21.80, 20.50, 33.40, 1.24, 0.35, 11.80, 6.53, 2.12, 39.80, 358.20, 56.10, 17.40, 310.00, 4.50, 7, 4.53, 7.06
10.80, 63.10, 18.00, 1.22, 20.20, 4.80, 1.59, 0.59, 19.10, 20.60, 32.70, 1.29, 1.00, 10.90, 5.59, 1.41, 32.40, 301.50, 75.80, 6.00, 17.00, 4.50, 8, 4.53, 7.06
12.20, 64.20, 19.80, 3.26, 20.40, 5.00, 1.76, 0.65, 18.50, 21.40, 35.10, 1.65, 1.12, 11.40, 5.24, 1.76, 30.50, 322.00, 62.40, 8.30, 300.00, 4.50, 9, 4.53, 7.06
10.10, 65.70, 17.00, -6.66, 23.60, 5.50, 1.47, 0.65, 20.40, 20.20, 32.20, 1.35, 0.82, 11.10, 5.76, 1.71, 37.20, 361.70, 51.60, 0.70, 3.00, 4.50, 10, 4.53, 7.06
12.60, 63.40, 21.20, -7.37, 21.80, 5.60, 1.12, 0.76, 21.80, 20.50, 33.40, 1.24, 0.35, 11.80, 6.53, 2.12, 39.80, 358.20, 57.00, 9.40, 299.00, 4.50, 11, 4.53, 7.06
12.00, 64.80, 19.10, 1.87, 20.10, 5.10, 1.94, 1.00, 19.20, 20.30, 32.40, 1.35, 0.94, 10.20, 5.76, 2.00, 33.50, 330.20, 70.00, 0.00, 0.00, 4.50, 12, 4.53, 7.06
13.20, 63.90, 21.10, -3.91, 23.50, 5.30, 0.82, 0.35, 19.80, 24.50, 36.70, 1.59, 0.47, 11.80, 4.94, 2.24, 37.50, 337.80, 54.10, 0.10, 358.00, 4.50, 13, 4.53, 7.06
13.60, 61.70, 19.50, -4.45, 22.60, 5.50, 1.29, 0.35, 19.50, 22.10, 32.70, 1.35, 0.94, 11.90, 4.82, 1.29, 41.00, 341.10, 70.00, 0.00, 0.00, 4.50, 15, 4.53, 7.06
9.88, 64.30, 16.60, 1.53, 18.60, 4.80, 0.94, 0.24, 18.20, 20.40, 32.70, 0.88, 0.71, 9.76, 5.29, 1.59, 32.30, 311.10, 45.50, 0.00, 0.00, 4.50, 16, 4.53, 7.06
13.00, 60.40, 19.70, 3.31, 16.30, 5.00, 1.76, 0.59, 17.10, 22.90, 34.90, 1.18, 1.18, 11.10, 5.65, 1.53, 25.70, 300.60, 45.50, 8.70, 243.00, 4.50, 17, 4.53, 7.06
12.00, 64.80, 19.10, 1.87, 20.10, 5.10, 1.94, 1.00, 19.20, 20.30, 32.40, 1.35, 0.94, 10.20, 5.76, 2.00, 33.50, 330.20, 41.10, 15.20, 297.00, 4.50, 18, 4.53, 7.06
13.60, 61.70, 19.50, -4.45, 22.60, 5.50, 1.29, 0.35, 19.50, 22.10, 32.70, 1.35, 0.94, 11.90, 4.82, 1.29, 41.00, 341.10, 78.80, 9.80, 199.00, 4.50, 1, 5.29, 8.29
13.40, 63.30, 20.90, -9.39, 25.10, 6.20, 1.29, 0.59, 22.20, 20.80, 32.90, 1.53, 0.71, 12.30, 6.06, 1.94, 41.20, 392.40, 70.00, 0.00, 0.00, 5.50, 2, 5.29, 8.29
14.40, 64.90, 21.20, -3.06, 22.00, 5.40, 1.00, 0.41, 20.40, 22.50, 34.10, 1.47, 0.59, 11.40, 6.18, 1.59, 34.20, 350.20, 62.20, 2.70, 137.00, 4.50, 3, 5.29, 8.29
12.60, 63.40, 21.20, -7.37, 21.80, 5.60, 1.12, 0.76, 21.80, 20.50, 33.40, 1.24, 0.35, 11.80, 6.53, 2.12, 39.80, 358.20, 64.80, 0.10, 352.00, 4.50, 4, 5.29, 8.29
10.60, 62.30, 17.90, -1.25, 20.10, 5.40, 1.50, 0.69, 18.40, 20.60, 34.90, 1.06, 0.81, 10.80, 6.25, 1.25, 36.40, 335.70, 56.00, 11.80, 346.00, 4.50, 6, 5.29, 8.29
9.94, 61.20, 16.70, -3.41, 22.40, 5.40, 1.18, 0.53, 19.40, 18.50, 30.50, 1.18, 0.65, 9.76, 5.18, 2.00, 38.50, 331.20, 53.10, 7.50, 338.00, 3.50, 8, 5.29, 8.29
13.50, 61.60, 20.80, -1.90, 18.50, 5.30, 1.47, 0.65, 19.00, 23.20, 34.90, 1.18, 0.82, 12.10, 4.65, 1.53, 35.80, 324.30, 72.40, 8.90, 293.00, 4.50, 9, 5.29, 8.29
11.00, 58.70, 18.00, 0.43, 20.20, 5.20, 1.06, 0.53, 16.80, 18.10, 30.20, 1.53, 0.53, 9.12, 5.00, 1.71, 31.50, 304.60, 51.60, 0.70, 3.00, 4.50, 10, 5.29, 8.29
13.60, 61.70, 19.50, -4.45, 22.60, 5.50, 1.29, 0.35, 19.50, 22.10, 32.70, 1.35, 0.94, 11.90, 4.82, 1.29, 41.00, 341.10, 70.00, 0.00, 0.00, 4.50, 11, 5.29, 8.29
13.00, 60.40, 19.70, 3.31, 16.30, 5.00, 1.76, 0.59, 17.10, 22.90, 34.90, 1.18, 1.18, 11.10, 5.65, 1.53, 25.70, 300.60, 41.60, 2.90, 37.00, 4.50, 12, 5.29, 8.29
12.00, 64.80, 19.10, 1.87, 20.10, 5.10, 1.94, 1.00, 19.20, 20.30, 32.40, 1.35, 0.94, 10.20, 5.76, 2.00, 33.50, 330.20, 70.00, 0.00, 0.00, 4.50, 13, 5.29, 8.29
13.00, 60.40, 19.70, 3.31, 16.30, 5.00, 1.76, 0.59, 17.10, 22.90, 34.90, 1.18, 1.18, 11.10, 5.65, 1.53, 25.70, 300.60, 60.10, 6.50, 328.00, 3.50, 14, 5.29, 8.29
10.80, 63.10, 18.00, 1.22, 20.20, 4.80, 1.59, 0.59, 19.10, 20.60, 32.70, 1.29, 1.00, 10.90, 5.59, 1.41, 32.40, 301.50, 47.20, 0.80, 34.00, 4.50, 15, 5.29, 8.29
14.50, 64.70, 22.10, -3.07, 21.10, 5.40, 1.18, 0.35, 19.90, 25.80, 39.50, 1.71, 0.82, 12.60, 6.76, 1.82, 33.90, 351.60, 67.10, 13.00, 170.00, 4.50, 16, 5.29, 8.29
10.70, 60.20, 18.50, -2.77, 20.40, 5.50, 1.35, 0.18, 18.50, 19.50, 31.90, 1.71, 1.18, 11.50, 5.65, 1.35, 37.30, 330.40, 50.10, 1.30, 36.00, 4.50, 17, 5.29, 8.29
12.40, 63.20, 19.20, -4.81, 26.40, 5.50, 1.18, 0.53, 21.40, 24.40, 34.90, 1.71, 0.65, 12.80, 5.53, 1.24, 41.60, 348.90, 70.00, 0.00, 0.00, 5.50, 18, 5.29, 8.29
10.70, 60.20, 18.50, -2.77, 20.40, 5.50, 1.35, 0.18, 18.50, 19.50, 31.90, 1.71, 1.18, 11.50, 5.65, 1.35, 37.30, 330.40, 71.50, 2.00, 0.00, 4.50, 1, 4.31, 7.23
13.60, 61.70, 19.50, -4.45, 22.60, 5.50, 1.29, 0.35, 19.50, 22.10, 32.70, 1.35, 0.94, 11.90, 4.82, 1.29, 41.00, 341.10, 70.00, 0.00, 0.00, 4.50, 2, 4.31, 7.23
12.60, 63.40, 21.20, -7.37, 21.80, 5.60, 1.12, 0.76, 21.80, 20.50, 33.40, 1.24, 0.35, 11.80, 6.53, 2.12, 39.80, 358.20, 69.10, 7.90, 351.00, 4.50, 3, 4.31, 7.23
12.40, 63.20, 19.20, -4.81, 26.40, 5.50, 1.18, 0.53, 21.40, 24.40, 34.90, 1.71, 0.65, 12.80, 5.53, 1.24, 41.60, 348.90, 73.70, 10.20, 333.00, 4.50, 4, 4.31, 7.23
12.00, 64.80, 19.10, 1.87, 20.10, 5.10, 1.94, 1.00, 19.20, 20.30, 32.40, 1.35, 0.94, 10.20, 5.76, 2.00, 33.50, 330.20, 66.90, 8.80, 324.00, 4.50, 5, 4.31, 7.23
9.94, 61.20, 16.70, -3.41, 22.40, 5.40, 1.18, 0.53, 19.40, 18.50, 30.50, 1.18, 0.65, 9.76, 5.18, 2.00, 38.50, 331.20, 55.10, 17.20, 310.00, 3.50, 6, 4.31, 7.23
11.60, 65.10, 19.10, -3.07, 20.60, 5.40, 1.59, 0.76, 20.60, 22.60, 35.40, 1.47, 0.82, 12.40, 5.29, 1.47, 36.10, 353.30, 61.10, 8.90, 18.00, 4.50, 10, 4.31, 7.23
12.60, 63.10, 20.20, -2.15, 21.10, 5.10, 1.18, 0.59, 18.50, 21.40, 33.50, 1.71, 0.59, 10.90, 5.71, 1.47, 33.00, 324.30, 62.60, 10.90, 323.00, 4.50, 11, 4.31, 7.23
10.10, 65.70, 17.00, -6.66, 23.60, 5.50, 1.47, 0.65, 20.40, 20.20, 32.20, 1.35, 0.82, 11.10, 5.76, 1.71, 37.20, 361.70, 41.60, 2.90, 37.00, 3.50, 12, 4.31, 7.23
10.80, 63.10, 18.00, 1.22, 20.20, 4.80, 1.59, 0.59, 19.10, 20.60, 32.70, 1.29, 1.00, 10.90, 5.59, 1.41, 32.40, 301.50, 52.10, 4.70, 42.00, 4.50, 13, 4.31, 7.23
10.10, 65.70, 17.00, -6.66, 23.60, 5.50, 1.47, 0.65, 20.40, 20.20, 32.20, 1.35, 0.82, 11.10, 5.76, 1.71, 37.20, 361.70, 60.10, 6.50, 328.00, 4.50, 14, 4.31, 7.23
12.40, 63.20, 19.20, -4.81, 26.40, 5.50, 1.18, 0.53, 21.40, 24.40, 34.90, 1.71, 0.65, 12.80, 5.53, 1.24, 41.60, 348.90, 70.00, 0.00, 0.00, 4.50, 15, 4.31, 7.23
13.50, 61.60, 20.80, -1.90, 18.50, 5.30, 1.47, 0.65, 19.00, 23.20, 34.90, 1.18, 0.82, 12.10, 4.65, 1.53, 35.80, 324.30, 54.40, 7.60, 308.00, 4.50, 16, 4.31, 7.23
11.00, 58.70, 18.00, 0.43, 20.20, 5.20, 1.06, 0.53, 16.80, 18.10, 30.20, 1.53, 0.53, 9.12, 5.00, 1.71, 31.50, 304.60, 45.50, 8.70, 243.00, 4.50, 17, 4.31, 7.23